TransactionID,TransactionDate,RouteID,TransactionType,Amount
1,2024-04-17,9,Maintenance,-635.35
2,2024-05-08,2,Fuel,-10441.93
3,2025-09-12,14,Maintenance,-3296.8
4,2026-05-05,15,Maintenance,-6120.44
5,2024-08-20,15,Catering,-19259.7
6,2025-07-07,11,Crew Cost,-2460.42
7,2024-07-05,14,Crew Cost,-8502.17
8,2026-07-13,1,Maintenance,-4224.96
9,2025-05-25,15,Ticket Revenue,19286.9
10,2024-09-20,4,Baggage Revenue,9891.71
11,2024-04-23,15,Airport Fees,-12208.23
12,2024-06-25,12,Crew Cost,-3652.81
13,2026-02-19,11,Airport Fees,-22719.26
14,2026-04-15,14,Ticket Revenue,21747.14
15,2025-08-21,3,Catering,-19787.54
16,2025-12-20,1,Maintenance,-20840.13
17,2024-07-14,3,Airport Fees,-24891.61
18,2024-07-22,2,Maintenance,-13615.51
19,2024-05-02,1,Baggage Revenue,21738.89
20,2024-12-02,2,Ticket Revenue,21953.62
21,2025-07-25,9,Crew Cost,-12154.63
22,2024-10-31,14,Maintenance,-4662.91
23,2024-04-13,1,Maintenance,-14325.42
24,2025-11-06,14,Airport Fees,-19688.01
25,2024-03-13,3,Fuel,-16879.16
26,2024-07-25,10,Ticket Revenue,18012.14
27,2024-02-28,7,Fuel,-4947.14
28,2024-03-14,7,Maintenance,-2879.71
29,2024-02-21,6,Airport Fees,-7890.89
30,2026-02-22,9,Catering,-13688.61
31,2024-06-29,5,Airport Fees,-5601.4
32,2024-01-12,10,Baggage Revenue,5054.06
33,2026-02-06,11,Airport Fees,-24638.28
34,2025-08-05,13,Crew Cost,-18961.37
35,2026-07-04,9,Crew Cost,-9189.43
36,2024-10-22,11,Maintenance,-3334.09
37,2026-07-05,2,Catering,-4018.71
38,2025-02-09,11,Baggage Revenue,10100.84
39,2025-07-26,8,Maintenance,-5509.85
40,2024-03-05,15,Baggage Revenue,889.47
41,2024-04-27,11,Ticket Revenue,20243.71
42,2024-06-07,3,Catering,-6732.46
43,2025-12-01,11,Ticket Revenue,21558.41
44,2025-04-25,12,Ticket Revenue,23542.54
45,2025-11-25,9,Airport Fees,-12251.41
46,2025-01-02,15,Ticket Revenue,6536.38
47,2024-12-06,9,Crew Cost,-16142.93
48,2025-03-07,3,Crew Cost,-23737.53
49,2024-12-22,1,Baggage Revenue,18889.57
50,2024-01-06,6,Maintenance,-4097.36
51,2024-10-17,4,Fuel,-20641.65
52,2026-06-08,6,Fuel,-14209.99
53,2025-12-29,7,Airport Fees,-11601.34
54,2025-05-13,13,Fuel,-4798.44
55,2025-02-06,6,Baggage Revenue,13631.12
56,2025-02-20,9,Fuel,-18547.74
57,2025-10-27,11,Ticket Revenue,9641.9
58,2026-04-11,10,Maintenance,-23838.42
59,2025-04-01,11,Ticket Revenue,4486.56
60,2024-02-29,10,Fuel,-833.26
61,2025-09-21,12,Baggage Revenue,12827.06
62,2025-03-03,7,Fuel,-4521.02
63,2026-04-05,5,Airport Fees,-16157.8
64,2025-07-06,3,Catering,-11005.66
65,2024-01-15,1,Catering,-10453.05
66,2024-09-22,1,Airport Fees,-11534.54
67,2024-09-16,1,Fuel,-3291.28
68,2024-09-05,5,Baggage Revenue,7085.23
69,2025-03-19,7,Baggage Revenue,11358.18
70,2024-06-03,15,Catering,-19176.52
71,2026-01-14,8,Airport Fees,-22150.9
72,2025-11-07,13,Baggage Revenue,7001.73
73,2024-12-04,9,Maintenance,-4183.28
74,2025-10-02,4,Fuel,-9327.93
75,2026-04-17,8,Ticket Revenue,9400.62
76,2025-01-27,5,Maintenance,-11498.53
77,2025-03-23,10,Ticket Revenue,15418.93
78,2024-04-05,8,Ticket Revenue,10746.19
79,2025-06-15,2,Fuel,-6573.6
80,2024-06-26,10,Catering,-2302.89
81,2024-01-28,9,Crew Cost,-20148.4
82,2025-01-21,2,Airport Fees,-18551.4
83,2025-11-03,11,Crew Cost,-21429.84
84,2024-08-25,1,Ticket Revenue,4973.38
85,2024-05-19,7,Fuel,-21296.44
86,2025-12-06,10,Crew Cost,-22615.65
87,2024-06-22,10,Ticket Revenue,21180.79
88,2024-03-16,10,Baggage Revenue,1246.59
89,2024-01-11,10,Crew Cost,-8852.07
90,2025-01-09,9,Crew Cost,-24198.53
91,2025-01-17,7,Maintenance,-13605.19
92,2026-04-30,5,Catering,-19307.73
93,2025-11-30,12,Baggage Revenue,7932.05
94,2024-11-19,8,Airport Fees,-11345.63
95,2024-11-19,11,Crew Cost,-9767.62
96,2025-12-30,10,Fuel,-19969.77
97,2024-06-05,10,Maintenance,-3988.82
98,2024-10-14,4,Fuel,-11663.14
99,2025-11-11,10,Baggage Revenue,22211.76
100,2025-09-10,1,Airport Fees,-21647.72
101,2026-06-03,10,Baggage Revenue,20421.62
102,2025-06-18,8,Ticket Revenue,2912.06
103,2024-08-28,7,Maintenance,-14633.71
104,2025-05-15,11,Airport Fees,-8264.54
105,2024-10-22,12,Crew Cost,-24289.09
106,2024-05-21,3,Ticket Revenue,14566.99
107,2025-05-29,8,Baggage Revenue,22559.19
108,2024-02-19,6,Baggage Revenue,4747.94
109,2024-07-25,9,Crew Cost,-20724.86
110,2024-05-07,5,Crew Cost,-10542.68
111,2026-03-09,8,Fuel,-12289.87
112,2025-12-23,13,Crew Cost,-20619.49
113,2026-05-11,4,Maintenance,-5219.9
114,2026-08-14,15,Ticket Revenue,4324.48
115,2026-04-26,14,Airport Fees,-1577.26
116,2024-09-05,8,Crew Cost,-13633.99
117,2024-04-06,12,Maintenance,-17552.49
118,2024-09-10,6,Ticket Revenue,23231.08
119,2026-05-15,14,Ticket Revenue,19280.73
120,2025-01-03,10,Catering,-15576.53
121,2025-11-16,10,Ticket Revenue,12856.85
122,2024-12-11,15,Airport Fees,-11580.12
123,2025-07-08,11,Baggage Revenue,11097.97
124,2025-09-02,12,Catering,-20204.06
125,2026-05-12,15,Fuel,-9104.51
126,2025-03-04,2,Fuel,-8064.85
127,2026-06-19,4,Ticket Revenue,22349.2
128,2025-08-21,7,Crew Cost,-21826.74
129,2025-02-10,1,Baggage Revenue,18493.66
130,2024-04-03,3,Fuel,-16469.1
131,2026-08-14,9,Catering,-9287.75
132,2025-12-11,3,Crew Cost,-19227.68
133,2026-07-21,13,Fuel,-19701.33
134,2026-01-08,11,Ticket Revenue,12777.62
135,2024-11-26,7,Fuel,-9881.66
136,2026-06-29,12,Maintenance,-3227.18
137,2024-06-17,4,Baggage Revenue,14598.98
138,2025-09-19,8,Airport Fees,-13165.03
139,2025-01-27,12,Ticket Revenue,16038.92
140,2025-07-05,7,Crew Cost,-631.86
141,2024-01-17,9,Crew Cost,-15726.4
142,2025-07-10,6,Maintenance,-20614.17
143,2025-04-18,15,Fuel,-14845.97
144,2024-03-28,15,Fuel,-11462.21
145,2024-10-19,6,Fuel,-24894.39
146,2024-11-11,5,Fuel,-15463.68
147,2024-06-18,5,Baggage Revenue,20010.08
148,2026-05-03,4,Maintenance,-5785.37
149,2025-12-26,8,Baggage Revenue,5091.47
150,2026-04-27,15,Airport Fees,-23112.18
151,2024-04-17,15,Crew Cost,-23205.81
152,2026-07-03,9,Crew Cost,-3468.99
153,2025-04-29,9,Ticket Revenue,24101.35
154,2025-10-05,2,Ticket Revenue,18308.44
155,2026-07-19,6,Fuel,-7687.26
156,2024-08-01,12,Airport Fees,-5682.97
157,2026-04-03,8,Baggage Revenue,16391.21
158,2026-03-06,10,Fuel,-2706.7
159,2024-11-01,10,Ticket Revenue,17852.26
160,2025-07-08,13,Airport Fees,-20607.49
161,2025-10-14,8,Catering,-12872.1
162,2024-04-02,10,Airport Fees,-20692.0
163,2024-02-12,2,Crew Cost,-16962.21
164,2024-02-26,13,Crew Cost,-14590.72
165,2026-01-11,8,Maintenance,-10839.51
166,2025-08-20,12,Catering,-16413.94
167,2024-11-24,9,Fuel,-24366.17
168,2025-09-23,11,Fuel,-3210.15
169,2025-09-03,7,Catering,-4467.39
170,2024-10-22,13,Crew Cost,-16676.5
171,2025-04-24,1,Catering,-24618.83
172,2026-06-15,5,Maintenance,-12639.81
173,2026-05-06,4,Fuel,-10081.94
174,2024-06-18,2,Ticket Revenue,24021.5
175,2024-09-02,7,Airport Fees,-7187.29
176,2024-05-28,1,Airport Fees,-8422.72
177,2026-06-18,6,Baggage Revenue,10722.4
178,2024-12-19,3,Baggage Revenue,13127.38
179,2025-05-11,8,Airport Fees,-1634.66
180,2025-04-22,7,Airport Fees,-10243.82
181,2024-02-12,11,Baggage Revenue,14692.27
182,2025-03-22,1,Airport Fees,-3354.69
183,2024-03-20,3,Crew Cost,-11689.89
184,2025-10-24,11,Fuel,-7890.02
185,2024-12-03,3,Baggage Revenue,3054.6
186,2024-07-09,15,Maintenance,-22925.56
187,2024-07-01,14,Airport Fees,-9141.86
188,2025-05-12,7,Catering,-12474.62
189,2024-06-11,12,Baggage Revenue,13261.41
190,2025-04-26,9,Catering,-4398.39
191,2024-02-14,9,Ticket Revenue,14292.29
192,2026-05-17,15,Crew Cost,-6372.43
193,2024-05-27,14,Crew Cost,-15245.03
194,2026-02-10,2,Fuel,-3197.85
195,2026-08-03,5,Airport Fees,-19862.47
196,2026-04-22,6,Fuel,-21627.52
197,2026-03-17,6,Maintenance,-24516.17
198,2026-04-18,15,Crew Cost,-22418.74
199,2025-05-03,12,Baggage Revenue,16705.13
200,2024-04-06,3,Baggage Revenue,3871.99
201,2025-12-19,10,Catering,-2456.84
202,2025-04-28,14,Airport Fees,-2252.91
203,2024-08-09,4,Airport Fees,-21046.99
204,2026-04-14,7,Baggage Revenue,19192.05
205,2025-02-12,10,Airport Fees,-5796.76
206,2026-03-01,8,Baggage Revenue,6141.62
207,2024-10-25,12,Crew Cost,-2686.18
208,2026-05-27,13,Fuel,-24304.79
209,2026-06-09,4,Airport Fees,-6503.43
210,2024-02-10,15,Baggage Revenue,21238.5
211,2026-07-29,6,Airport Fees,-19199.72
212,2025-02-06,1,Ticket Revenue,20112.8
213,2024-03-02,2,Baggage Revenue,15826.74
214,2024-04-20,6,Fuel,-5565.12
215,2024-12-02,6,Baggage Revenue,5741.03
216,2024-04-27,5,Ticket Revenue,23360.03
217,2026-01-27,7,Catering,-13970.02
218,2025-06-19,7,Crew Cost,-16866.03
219,2024-08-31,4,Catering,-13401.86
220,2026-08-02,3,Fuel,-8759.04
221,2025-03-23,1,Baggage Revenue,17701.45
222,2025-12-25,5,Maintenance,-21529.67
223,2024-12-20,10,Maintenance,-6074.18
224,2025-05-29,10,Catering,-4315.13
225,2025-05-10,1,Fuel,-1928.07
226,2026-03-12,13,Airport Fees,-22608.17
227,2026-01-13,12,Maintenance,-17276.13
228,2025-08-27,15,Baggage Revenue,17852.91
229,2024-05-26,6,Maintenance,-1642.37
230,2024-03-22,4,Ticket Revenue,10145.83
231,2024-03-09,7,Catering,-1715.43
232,2025-08-23,15,Crew Cost,-17317.03
233,2026-04-14,8,Catering,-8757.51
234,2024-03-15,5,Catering,-24523.48
235,2025-08-01,4,Maintenance,-18105.35
236,2024-12-23,14,Baggage Revenue,3824.55
237,2026-05-29,5,Fuel,-4798.59
238,2024-12-17,12,Airport Fees,-3310.63
239,2025-12-02,8,Airport Fees,-6462.67
240,2026-08-02,7,Ticket Revenue,24288.08
241,2024-12-01,3,Crew Cost,-24638.58
242,2024-05-02,15,Crew Cost,-7386.54
243,2026-06-25,5,Fuel,-6331.87
244,2026-03-22,1,Baggage Revenue,6637.71
245,2024-08-01,11,Airport Fees,-12794.58
246,2024-10-17,12,Fuel,-12198.15
247,2025-06-08,15,Maintenance,-11376.41
248,2025-04-05,11,Ticket Revenue,2266.13
249,2025-04-18,3,Fuel,-6681.63
250,2026-04-29,2,Ticket Revenue,11518.55
251,2026-03-09,2,Crew Cost,-5626.34
252,2025-02-06,5,Catering,-15726.35
253,2025-11-16,11,Ticket Revenue,4103.43
254,2025-10-10,7,Airport Fees,-9171.59
255,2025-04-21,4,Crew Cost,-19046.39
256,2026-04-26,4,Maintenance,-14913.27
257,2025-11-21,10,Crew Cost,-22835.87
258,2024-07-09,15,Ticket Revenue,7422.82
259,2024-11-29,5,Maintenance,-554.63
260,2024-11-12,3,Fuel,-12804.79
261,2026-06-06,3,Fuel,-5764.93
262,2025-08-05,9,Ticket Revenue,3344.0
263,2024-01-03,13,Baggage Revenue,739.86
264,2024-12-23,9,Crew Cost,-14788.42
265,2025-10-09,15,Crew Cost,-9840.37
266,2025-02-27,9,Airport Fees,-8285.69
267,2025-09-21,5,Crew Cost,-9721.34
268,2025-11-15,3,Maintenance,-19150.08
269,2024-03-25,1,Crew Cost,-6033.73
270,2026-04-11,8,Fuel,-12889.05
271,2025-10-20,8,Crew Cost,-24851.67
272,2024-12-27,14,Baggage Revenue,1533.14
273,2025-03-24,1,Catering,-16543.9
274,2024-09-11,4,Catering,-17165.23
275,2025-07-27,4,Maintenance,-10741.72
276,2025-12-02,2,Catering,-20237.94
277,2025-05-27,2,Baggage Revenue,16883.77
278,2025-07-25,15,Baggage Revenue,17893.25
279,2026-01-08,1,Baggage Revenue,3496.45
280,2025-12-12,14,Maintenance,-13819.81
281,2026-01-14,11,Maintenance,-4433.07
282,2026-06-19,9,Fuel,-2268.09
283,2025-10-30,3,Baggage Revenue,10785.5
284,2024-08-07,14,Crew Cost,-2737.89
285,2024-08-30,13,Catering,-309.65
286,2025-12-27,15,Airport Fees,-24286.65
287,2024-04-13,4,Catering,-21959.4
288,2024-09-17,3,Fuel,-4891.43
289,2026-03-06,8,Airport Fees,-4002.19
290,2024-08-23,4,Crew Cost,-8773.62
291,2025-12-11,2,Maintenance,-3081.94
292,2025-11-20,9,Crew Cost,-8671.65
293,2025-01-14,2,Catering,-17722.29
294,2024-10-01,11,Fuel,-6213.81
295,2024-11-23,3,Ticket Revenue,19531.67
296,2024-01-13,13,Catering,-23095.33
297,2025-07-11,12,Fuel,-1239.33
298,2025-02-08,8,Airport Fees,-13652.53
299,2024-05-28,12,Ticket Revenue,2188.91
300,2024-12-12,1,Crew Cost,-13913.1
301,2024-04-26,15,Fuel,-1219.22
302,2024-01-24,2,Catering,-12582.67
303,2025-09-18,12,Airport Fees,-10846.84
304,2024-11-30,13,Airport Fees,-23953.81
305,2024-07-06,9,Fuel,-4788.34
306,2024-12-12,9,Ticket Revenue,2978.17
307,2026-02-12,5,Maintenance,-2104.14
308,2025-05-24,1,Catering,-3749.31
309,2025-11-20,10,Crew Cost,-14780.94
310,2025-04-16,11,Fuel,-24341.62
311,2026-04-02,7,Fuel,-15015.06
312,2024-06-06,10,Fuel,-16403.22
313,2026-07-27,6,Fuel,-15500.25
314,2025-10-29,7,Fuel,-4631.35
315,2024-10-21,5,Fuel,-23631.19
316,2026-05-25,13,Baggage Revenue,24798.17
317,2025-06-06,11,Baggage Revenue,4156.94
318,2026-01-31,5,Airport Fees,-6446.37
319,2025-01-09,9,Fuel,-14385.82
320,2024-05-31,12,Crew Cost,-23001.04
321,2025-03-16,2,Catering,-14650.37
322,2025-06-13,5,Crew Cost,-9617.59
323,2024-03-30,8,Airport Fees,-9684.56
324,2024-06-29,9,Crew Cost,-10183.03
325,2024-08-09,4,Fuel,-23288.33
326,2025-01-17,15,Airport Fees,-19345.27
327,2024-07-08,3,Fuel,-20074.72
328,2026-04-20,10,Airport Fees,-1365.88
329,2025-10-24,4,Fuel,-7944.86
330,2024-04-22,9,Maintenance,-19653.99
331,2024-11-07,12,Maintenance,-3228.45
332,2026-06-20,9,Maintenance,-6759.25
333,2026-02-28,6,Maintenance,-20624.57
334,2024-11-18,11,Catering,-14095.55
335,2024-09-13,10,Maintenance,-13738.95
336,2025-08-16,13,Catering,-7590.51
337,2025-12-01,9,Crew Cost,-2589.23
338,2025-04-18,12,Maintenance,-21666.6
339,2025-05-17,9,Maintenance,-4785.28
340,2025-06-14,12,Fuel,-13308.4
341,2025-08-06,2,Baggage Revenue,14933.36
342,2025-08-23,6,Ticket Revenue,12082.12
343,2024-11-14,2,Catering,-20393.5
344,2024-03-26,4,Fuel,-423.67
345,2025-09-06,5,Crew Cost,-9255.07
346,2024-07-10,7,Crew Cost,-17595.25
347,2025-08-25,6,Baggage Revenue,1491.23
348,2025-12-22,8,Crew Cost,-23047.15
349,2025-12-31,10,Fuel,-9658.66
350,2025-12-19,13,Catering,-15000.26
351,2025-04-30,11,Crew Cost,-533.69
352,2025-06-15,8,Ticket Revenue,13621.78
353,2026-01-02,1,Baggage Revenue,5400.91
354,2026-06-25,6,Baggage Revenue,8594.03
355,2026-07-23,8,Catering,-23465.78
356,2024-02-12,9,Maintenance,-18031.86
357,2024-11-04,14,Crew Cost,-16257.3
358,2026-05-14,2,Fuel,-24721.97
359,2025-09-06,14,Catering,-4715.76
360,2025-02-19,9,Crew Cost,-1804.19
361,2025-08-03,6,Ticket Revenue,19283.51
362,2026-05-24,8,Airport Fees,-869.82
363,2026-01-11,12,Ticket Revenue,19546.18
364,2025-03-22,9,Crew Cost,-12800.94
365,2025-11-25,7,Crew Cost,-5904.92
366,2026-01-07,13,Ticket Revenue,16116.22
367,2025-10-28,4,Airport Fees,-12504.74
368,2026-07-31,9,Airport Fees,-4977.01
369,2025-02-25,10,Crew Cost,-20205.85
370,2026-04-17,9,Crew Cost,-7444.04
371,2024-06-19,8,Fuel,-6351.87
372,2024-03-26,11,Fuel,-17482.86
373,2024-06-13,11,Crew Cost,-10663.61
374,2026-01-21,15,Ticket Revenue,8788.16
375,2024-07-13,13,Fuel,-14133.36
376,2025-03-19,11,Crew Cost,-16589.74
377,2024-12-19,1,Ticket Revenue,3372.61
378,2024-10-03,3,Airport Fees,-22414.16
379,2024-06-30,15,Baggage Revenue,9497.47
380,2025-11-13,7,Crew Cost,-5125.54
381,2025-10-21,1,Catering,-3496.8
382,2025-02-19,3,Maintenance,-22508.63
383,2025-10-14,1,Baggage Revenue,1870.34
384,2025-07-17,1,Crew Cost,-17804.08
385,2024-05-12,14,Crew Cost,-804.13
386,2026-01-19,13,Maintenance,-22005.72
387,2024-12-13,2,Ticket Revenue,22787.01
388,2026-02-27,6,Airport Fees,-6902.01
389,2024-01-30,15,Baggage Revenue,1834.84
390,2025-03-23,4,Fuel,-1268.47
391,2026-06-19,12,Baggage Revenue,23963.98
392,2025-02-25,8,Airport Fees,-16141.15
393,2026-02-26,9,Fuel,-23827.86
394,2025-01-30,4,Airport Fees,-12165.24
395,2025-10-30,5,Airport Fees,-20112.58
396,2025-10-10,1,Ticket Revenue,23730.2
397,2024-08-24,2,Baggage Revenue,6502.72
398,2026-06-26,11,Catering,-2515.23
399,2024-10-13,15,Catering,-7234.86
400,2024-09-13,4,Fuel,-13835.69
401,2024-06-17,12,Maintenance,-17477.61
402,2024-09-30,1,Catering,-24399.15
403,2026-08-05,7,Catering,-19682.86
404,2025-09-12,12,Crew Cost,-2460.92
405,2025-08-10,6,Ticket Revenue,23038.08
406,2025-03-05,15,Airport Fees,-21170.33
407,2024-08-15,2,Baggage Revenue,5614.89
408,2024-02-15,2,Fuel,-22340.33
409,2025-12-17,8,Baggage Revenue,5911.2
410,2024-03-10,7,Catering,-13254.85
411,2024-06-21,1,Baggage Revenue,19294.98
412,2025-08-02,4,Maintenance,-2665.73
413,2025-04-14,11,Fuel,-17772.02
414,2024-12-27,1,Maintenance,-13088.67
415,2025-09-24,8,Catering,-12887.61
416,2025-08-21,6,Ticket Revenue,15583.25
417,2024-10-12,1,Ticket Revenue,2169.81
418,2025-12-22,13,Fuel,-3443.78
419,2026-07-18,2,Crew Cost,-4661.96
420,2024-11-23,5,Ticket Revenue,4045.27
421,2026-02-05,5,Ticket Revenue,11395.49
422,2025-07-11,2,Airport Fees,-15124.37
423,2025-05-23,11,Airport Fees,-3605.45
424,2025-02-08,10,Maintenance,-18699.19
425,2025-09-01,4,Maintenance,-21261.14
426,2026-06-02,13,Crew Cost,-2687.01
427,2024-06-07,2,Crew Cost,-4456.68
428,2026-07-13,6,Maintenance,-9422.14
429,2024-07-16,1,Fuel,-16528.98
430,2025-10-09,7,Ticket Revenue,2410.16
431,2025-07-23,3,Ticket Revenue,8878.33
432,2024-12-31,3,Fuel,-24773.74
433,2025-11-19,15,Catering,-13149.19
434,2026-06-28,15,Catering,-4579.96
435,2026-02-26,1,Crew Cost,-15406.73
436,2024-11-17,15,Ticket Revenue,9104.42
437,2025-01-22,6,Catering,-22275.5
438,2025-05-22,13,Maintenance,-23779.31
439,2024-07-24,2,Airport Fees,-6111.24
440,2026-06-19,2,Ticket Revenue,22996.08
441,2024-01-06,8,Baggage Revenue,19462.26
442,2025-08-05,5,Crew Cost,-4143.84
443,2024-09-15,6,Airport Fees,-20707.01
444,2025-01-19,3,Baggage Revenue,4691.12
445,2024-06-04,6,Maintenance,-539.62
446,2024-01-31,2,Airport Fees,-19514.66
447,2025-07-20,6,Ticket Revenue,8849.6
448,2026-01-27,7,Airport Fees,-23064.72
449,2024-04-14,3,Catering,-11239.33
450,2024-03-23,7,Baggage Revenue,15377.93
451,2024-08-05,11,Baggage Revenue,18721.9
452,2024-03-27,15,Catering,-21156.73
453,2025-02-18,3,Fuel,-4682.52
454,2024-08-05,11,Ticket Revenue,5341.67
455,2025-04-20,10,Baggage Revenue,22229.57
456,2025-08-27,2,Airport Fees,-7511.57
457,2024-10-28,3,Ticket Revenue,16040.1
458,2026-05-05,1,Crew Cost,-2051.04
459,2025-05-01,5,Baggage Revenue,16793.77
460,2024-01-08,15,Baggage Revenue,4899.44
461,2025-02-19,6,Catering,-20006.02
462,2025-10-11,13,Crew Cost,-18626.76
463,2025-03-11,9,Ticket Revenue,14824.03
464,2025-05-14,1,Ticket Revenue,4017.42
465,2025-12-13,3,Maintenance,-6850.77
466,2025-08-18,13,Baggage Revenue,1341.97
467,2024-05-14,8,Catering,-8081.2
468,2025-10-23,8,Ticket Revenue,9702.51
469,2024-05-02,7,Fuel,-11791.32
470,2025-09-23,12,Ticket Revenue,24920.02
471,2025-10-21,4,Maintenance,-18214.84
472,2026-03-06,9,Fuel,-10005.28
473,2026-07-30,9,Ticket Revenue,21188.22
474,2024-04-14,11,Maintenance,-9352.06
475,2026-07-23,15,Airport Fees,-9252.2
476,2024-08-02,5,Ticket Revenue,1873.34
477,2024-01-17,14,Airport Fees,-18459.5
478,2026-03-20,8,Baggage Revenue,5297.5
479,2026-05-14,4,Crew Cost,-6107.9
480,2024-03-09,3,Crew Cost,-8853.2
481,2025-03-14,13,Catering,-20601.8
482,2026-07-28,6,Ticket Revenue,21557.8
483,2025-11-13,10,Catering,-13907.63
484,2025-03-11,2,Fuel,-23162.04
485,2026-01-12,13,Maintenance,-10852.1
486,2024-12-04,10,Fuel,-15240.24
487,2024-10-02,3,Crew Cost,-23252.3
488,2025-03-01,1,Fuel,-13176.2
489,2026-04-04,8,Baggage Revenue,11685.9
490,2024-09-30,5,Fuel,-1015.57
491,2025-07-23,9,Catering,-22049.18
492,2026-03-02,2,Fuel,-4968.1
493,2024-01-25,11,Baggage Revenue,11588.6
494,2025-08-13,10,Fuel,-19913.04
495,2026-04-27,15,Catering,-12962.61
496,2024-10-02,8,Catering,-19590.31
497,2024-06-01,7,Crew Cost,-20967.18
498,2026-01-17,6,Crew Cost,-21425.79
499,2024-11-20,10,Baggage Revenue,2265.48
500,2025-11-09,8,Crew Cost,-5401.98
501,2025-04-15,13,Maintenance,-22764.03
502,2025-07-16,3,Airport Fees,-6790.25
503,2024-12-19,3,Catering,-17754.43
504,2025-02-28,14,Airport Fees,-13367.57
505,2024-02-15,15,Airport Fees,-23443.45
506,2026-03-23,6,Maintenance,-6608.66
507,2024-11-17,10,Maintenance,-20214.34
508,2024-07-17,11,Catering,-10418.39
509,2024-02-12,8,Ticket Revenue,6238.29
510,2026-05-18,15,Fuel,-12424.29
511,2025-11-23,14,Maintenance,-13660.86
512,2025-07-25,2,Baggage Revenue,3022.49
513,2025-05-28,7,Airport Fees,-5047.35
514,2026-06-24,11,Maintenance,-22758.23
515,2025-11-16,13,Crew Cost,-16742.93
516,2026-06-15,1,Maintenance,-17692.09
517,2025-04-26,7,Baggage Revenue,9042.92
518,2024-03-21,15,Maintenance,-13632.29
519,2024-09-03,8,Catering,-1251.78
520,2024-11-16,6,Fuel,-3838.36
521,2026-05-13,2,Baggage Revenue,24395.41
522,2025-09-19,5,Maintenance,-5476.4
523,2024-06-23,10,Ticket Revenue,12424.95
524,2024-05-03,5,Baggage Revenue,23280.86
525,2025-03-07,3,Crew Cost,-16437.39
526,2025-06-07,15,Fuel,-4404.13
527,2025-02-08,1,Airport Fees,-11397.3
528,2024-11-23,5,Crew Cost,-11728.47
529,2025-08-12,9,Fuel,-12046.46
530,2026-08-15,14,Airport Fees,-21082.92
531,2026-05-24,12,Crew Cost,-14025.6
532,2024-07-10,14,Ticket Revenue,19215.07
533,2026-01-06,7,Maintenance,-9320.77
534,2024-04-15,13,Catering,-17488.32
535,2024-03-16,5,Catering,-10877.25
536,2025-03-12,3,Fuel,-19255.07
537,2024-09-23,14,Crew Cost,-18465.45
538,2024-08-21,10,Fuel,-8706.97
539,2025-08-16,1,Ticket Revenue,9104.05
540,2026-02-13,6,Catering,-20626.93
541,2025-06-01,3,Crew Cost,-15059.68
542,2024-01-17,8,Catering,-15511.7
543,2026-08-13,11,Baggage Revenue,23976.24
544,2025-09-16,3,Catering,-5816.41
545,2025-02-19,14,Maintenance,-13192.56
546,2025-01-25,15,Catering,-5134.32
547,2026-01-24,10,Ticket Revenue,6217.95
548,2026-06-11,4,Ticket Revenue,15342.91
549,2024-03-04,4,Crew Cost,-3144.52
550,2026-05-25,13,Airport Fees,-3982.13
551,2025-02-21,7,Crew Cost,-6313.54
552,2026-02-06,1,Airport Fees,-12849.44
553,2024-02-09,7,Maintenance,-23989.66
554,2025-02-15,12,Ticket Revenue,17118.76
555,2025-06-30,10,Baggage Revenue,16436.12
556,2025-02-12,12,Airport Fees,-9435.1
557,2024-02-28,11,Catering,-2506.42
558,2024-01-21,4,Baggage Revenue,19950.47
559,2026-04-15,9,Airport Fees,-1260.71
560,2026-06-07,9,Ticket Revenue,18553.1
561,2025-11-03,15,Ticket Revenue,9269.03
562,2026-07-25,5,Catering,-12064.62
563,2026-05-21,5,Crew Cost,-13145.76
564,2024-07-20,4,Baggage Revenue,6367.09
565,2025-06-21,6,Airport Fees,-16802.51
566,2025-03-28,10,Ticket Revenue,7193.68
567,2026-06-02,7,Maintenance,-3904.03
568,2025-07-08,11,Fuel,-9191.93
569,2024-05-04,1,Ticket Revenue,20921.78
570,2025-06-01,11,Crew Cost,-10581.79
571,2025-05-02,14,Catering,-24097.83
572,2025-04-04,13,Airport Fees,-1218.53
573,2024-12-09,7,Crew Cost,-752.98
574,2025-08-03,11,Airport Fees,-22438.19
575,2025-01-12,12,Catering,-5044.51
576,2026-01-26,6,Maintenance,-5646.7
577,2024-11-13,6,Maintenance,-19612.04
578,2025-01-31,15,Maintenance,-4764.78
579,2024-04-20,13,Catering,-15473.21
580,2024-03-12,15,Crew Cost,-1404.78
581,2025-01-22,14,Baggage Revenue,21934.72
582,2024-09-21,7,Ticket Revenue,14398.51
583,2025-11-20,6,Maintenance,-11390.81
584,2024-04-24,15,Maintenance,-9267.02
585,2024-08-11,8,Maintenance,-8020.97
586,2025-08-01,15,Maintenance,-6823.89
587,2024-02-02,10,Ticket Revenue,24386.56
588,2025-05-02,12,Catering,-7836.72
589,2025-09-15,11,Maintenance,-6170.31
590,2024-05-23,13,Catering,-11609.3
591,2024-06-19,3,Maintenance,-6658.31
592,2024-11-21,2,Fuel,-7006.83
593,2024-02-27,5,Airport Fees,-6854.85
594,2026-05-24,5,Fuel,-3704.72
595,2025-09-25,8,Ticket Revenue,22205.93
596,2026-04-15,2,Crew Cost,-4849.29
597,2024-12-10,9,Catering,-840.86
598,2025-07-16,3,Ticket Revenue,19506.83
599,2025-02-28,11,Ticket Revenue,11453.3
600,2024-01-17,12,Maintenance,-9047.69
601,2025-01-21,15,Airport Fees,-13466.01
602,2026-01-25,4,Baggage Revenue,14051.71
603,2024-04-17,2,Crew Cost,-9806.68
604,2024-02-19,6,Baggage Revenue,21332.17
605,2024-01-29,11,Crew Cost,-21117.03
606,2026-05-26,7,Catering,-9324.26
607,2025-04-06,4,Catering,-5785.93
608,2025-07-11,2,Baggage Revenue,12315.91
609,2025-09-03,3,Catering,-4157.96
610,2024-08-31,13,Airport Fees,-7273.33
611,2025-06-26,13,Crew Cost,-9764.02
612,2024-04-01,13,Crew Cost,-9755.97
613,2024-08-13,8,Maintenance,-4731.62
614,2025-12-06,1,Catering,-12884.28
615,2026-02-18,11,Airport Fees,-15461.13
616,2024-05-07,9,Fuel,-15408.37
617,2024-09-04,10,Airport Fees,-20115.97
618,2025-03-22,9,Ticket Revenue,2205.96
619,2025-08-24,4,Ticket Revenue,4175.21
620,2024-01-21,10,Baggage Revenue,11093.11
621,2025-08-27,15,Baggage Revenue,12225.6
622,2026-05-25,4,Crew Cost,-5375.0
623,2026-04-08,4,Crew Cost,-7693.96
624,2026-01-10,3,Maintenance,-4237.06
625,2025-08-11,10,Baggage Revenue,13705.54
626,2024-05-31,2,Fuel,-12085.93
627,2025-07-21,10,Baggage Revenue,17292.07
628,2025-09-03,11,Maintenance,-15873.39
629,2024-08-06,5,Baggage Revenue,6990.96
630,2025-04-02,8,Maintenance,-19077.58
631,2025-05-08,4,Ticket Revenue,4050.14
632,2024-03-24,10,Baggage Revenue,15870.7
633,2024-06-12,3,Ticket Revenue,15615.4
634,2025-03-22,9,Fuel,-6114.52
635,2026-04-01,9,Baggage Revenue,5125.84
636,2024-12-21,10,Baggage Revenue,2936.74
637,2026-03-17,14,Catering,-15623.2
638,2024-08-08,11,Ticket Revenue,9290.17
639,2024-07-10,5,Crew Cost,-24968.28
640,2026-06-15,4,Ticket Revenue,15983.09
641,2025-03-18,7,Baggage Revenue,544.54
642,2024-08-05,11,Catering,-9533.29
643,2025-11-30,6,Maintenance,-650.87
644,2025-09-29,5,Fuel,-15775.67
645,2024-04-07,11,Catering,-22965.22
646,2026-07-21,1,Ticket Revenue,18699.82
647,2024-04-24,13,Ticket Revenue,6853.86
648,2024-01-20,13,Airport Fees,-4714.35
649,2026-03-22,2,Ticket Revenue,21971.4
650,2024-05-13,12,Fuel,-3247.69
651,2025-04-04,9,Ticket Revenue,17833.1
652,2025-11-03,12,Ticket Revenue,6335.37
653,2025-12-02,12,Maintenance,-7748.97
654,2025-06-10,6,Airport Fees,-1454.42
655,2024-06-11,13,Ticket Revenue,4496.55
656,2026-02-19,12,Catering,-1270.96
657,2025-09-29,11,Crew Cost,-13156.13
658,2025-04-03,5,Maintenance,-11412.44
659,2025-08-10,4,Ticket Revenue,13450.87
660,2026-05-27,5,Fuel,-1913.92
661,2025-10-18,5,Crew Cost,-20210.71
662,2024-07-22,6,Crew Cost,-3366.59
663,2026-03-24,12,Ticket Revenue,20847.92
664,2025-04-11,11,Fuel,-8256.09
665,2026-06-11,6,Fuel,-11265.44
666,2026-04-02,4,Catering,-16420.17
667,2026-07-23,11,Airport Fees,-15253.44
668,2024-05-10,2,Fuel,-14275.48
669,2026-07-02,9,Ticket Revenue,10183.72
670,2025-07-08,4,Crew Cost,-12152.2
671,2026-02-22,9,Catering,-1918.57
672,2025-01-25,7,Airport Fees,-4303.36
673,2025-10-11,2,Maintenance,-18399.32
674,2025-07-18,5,Airport Fees,-16904.79
675,2024-08-31,8,Baggage Revenue,8619.19
676,2024-05-25,11,Ticket Revenue,19871.94
677,2026-02-09,14,Baggage Revenue,20212.15
678,2025-07-08,2,Crew Cost,-13329.34
679,2026-01-13,11,Baggage Revenue,24502.25
680,2025-07-15,10,Maintenance,-6883.56
681,2024-06-27,1,Catering,-7580.04
682,2025-07-16,5,Airport Fees,-530.36
683,2024-01-02,3,Maintenance,-4001.51
684,2024-06-19,3,Airport Fees,-20503.66
685,2025-07-09,5,Catering,-15842.55
686,2025-01-08,4,Crew Cost,-4996.44
687,2026-01-19,10,Baggage Revenue,17029.14
688,2025-03-10,3,Catering,-4339.86
689,2025-10-13,3,Crew Cost,-10345.36
690,2025-09-21,13,Airport Fees,-24952.32
691,2024-02-25,8,Ticket Revenue,8112.61
692,2026-06-28,5,Airport Fees,-17077.41
693,2025-02-02,13,Maintenance,-449.78
694,2024-03-19,13,Ticket Revenue,7697.94
695,2025-10-01,1,Ticket Revenue,7848.68
696,2026-06-27,5,Maintenance,-20997.76
697,2026-03-31,9,Baggage Revenue,4510.26
698,2026-04-02,1,Catering,-8256.19
699,2024-07-06,11,Crew Cost,-4326.87
700,2025-01-07,1,Baggage Revenue,12067.58
701,2025-05-15,15,Ticket Revenue,7017.57
702,2025-06-20,6,Ticket Revenue,4700.45
703,2024-04-01,9,Crew Cost,-10958.75
704,2024-09-09,13,Maintenance,-11980.38
705,2024-07-09,9,Fuel,-7933.46
706,2025-04-19,9,Fuel,-24181.05
707,2024-08-23,15,Maintenance,-3896.28
708,2026-02-20,11,Airport Fees,-17932.75
709,2025-04-27,7,Airport Fees,-13325.36
710,2024-01-08,7,Fuel,-9802.14
711,2026-02-04,10,Airport Fees,-16950.95
712,2026-05-04,5,Catering,-4096.82
713,2024-10-18,1,Crew Cost,-23273.11
714,2025-05-23,10,Crew Cost,-20878.78
715,2024-07-25,10,Baggage Revenue,18676.16
716,2025-08-10,9,Catering,-23969.41
717,2025-05-05,5,Catering,-23536.16
718,2025-04-01,1,Ticket Revenue,5287.92
719,2024-06-23,3,Baggage Revenue,22198.4
720,2024-08-21,9,Maintenance,-19843.72
721,2024-05-13,1,Baggage Revenue,11014.23
722,2024-12-27,10,Airport Fees,-13422.84
723,2024-01-01,3,Baggage Revenue,14183.31
724,2025-04-26,6,Crew Cost,-13094.99
725,2024-12-06,15,Catering,-10784.77
726,2025-02-13,6,Ticket Revenue,15674.42
727,2026-01-18,7,Airport Fees,-20641.41
728,2025-07-14,12,Crew Cost,-23846.0
729,2026-07-06,2,Airport Fees,-16750.39
730,2024-01-31,6,Maintenance,-23681.35
731,2024-02-15,8,Baggage Revenue,24074.38
732,2025-11-14,5,Baggage Revenue,16363.72
733,2026-03-04,15,Fuel,-7294.06
734,2025-06-08,12,Fuel,-13109.22
735,2024-12-19,1,Ticket Revenue,22632.13
736,2026-05-24,15,Catering,-3437.58
737,2024-09-19,4,Ticket Revenue,18638.97
738,2025-04-18,3,Airport Fees,-23669.93
739,2026-07-24,12,Catering,-18028.25
740,2024-02-05,6,Crew Cost,-23719.84
741,2026-02-06,1,Fuel,-18140.46
742,2026-02-16,1,Baggage Revenue,24663.37
743,2025-04-21,11,Baggage Revenue,24035.43
744,2026-06-21,8,Catering,-15799.79
745,2024-06-14,8,Fuel,-15122.04
746,2025-08-10,5,Catering,-22452.59
747,2026-04-14,4,Maintenance,-19327.73
748,2025-01-01,13,Catering,-15067.5
749,2024-09-08,7,Maintenance,-17934.66
750,2025-06-09,14,Ticket Revenue,2042.81
751,2025-06-14,9,Crew Cost,-23893.8
752,2026-04-11,2,Crew Cost,-10798.43
753,2024-11-27,7,Baggage Revenue,2514.8
754,2024-03-21,13,Fuel,-9657.77
755,2026-03-09,2,Baggage Revenue,12994.44
756,2024-02-23,4,Baggage Revenue,24918.32
757,2024-06-24,8,Baggage Revenue,15120.76
758,2026-03-09,5,Crew Cost,-1419.18
759,2025-12-01,10,Fuel,-2084.32
760,2024-06-10,14,Baggage Revenue,10374.83
761,2024-04-23,11,Catering,-21648.34
762,2025-11-05,6,Ticket Revenue,9196.99
763,2025-08-26,13,Maintenance,-24615.16
764,2026-05-25,1,Ticket Revenue,652.95
765,2025-04-11,12,Maintenance,-13818.71
766,2024-08-18,1,Catering,-24424.43
767,2024-02-18,3,Catering,-12239.69
768,2026-06-15,6,Baggage Revenue,12842.86
769,2024-04-07,3,Baggage Revenue,8189.69
770,2026-02-14,14,Ticket Revenue,20066.49
771,2025-08-21,10,Catering,-23277.56
772,2025-10-17,2,Crew Cost,-10849.56
773,2025-08-12,11,Catering,-22846.67
774,2025-05-26,3,Maintenance,-3748.46
775,2025-10-04,12,Ticket Revenue,16970.2
776,2024-08-01,15,Airport Fees,-7895.1
777,2026-06-30,1,Ticket Revenue,2917.0
778,2025-07-12,7,Maintenance,-15541.15
779,2024-07-11,10,Fuel,-13722.09
780,2024-02-13,14,Maintenance,-14311.99
781,2025-12-06,10,Crew Cost,-18517.84
782,2025-01-28,6,Maintenance,-12049.49
783,2026-01-29,1,Crew Cost,-9709.08
784,2025-09-07,8,Fuel,-18608.05
785,2026-06-26,7,Ticket Revenue,18169.63
786,2026-04-30,15,Airport Fees,-13315.79
787,2025-12-18,8,Ticket Revenue,15611.7
788,2024-07-05,15,Ticket Revenue,12862.32
789,2025-10-27,9,Baggage Revenue,15762.89
790,2024-02-10,3,Fuel,-10169.03
791,2024-06-29,2,Crew Cost,-20402.42
792,2024-01-04,11,Catering,-17759.91
793,2026-04-30,3,Maintenance,-17910.39
794,2026-02-20,7,Baggage Revenue,24531.15
795,2024-11-27,11,Baggage Revenue,12759.96
796,2024-12-12,3,Crew Cost,-23777.09
797,2024-10-26,2,Baggage Revenue,10090.9
798,2024-04-21,1,Maintenance,-22774.19
799,2024-10-17,5,Baggage Revenue,14279.56
800,2026-02-09,8,Catering,-14381.51
801,2024-04-15,7,Fuel,-21900.5
802,2024-04-05,2,Catering,-23875.2
803,2024-08-13,9,Ticket Revenue,5229.26
804,2025-06-18,15,Airport Fees,-3507.56
805,2026-05-15,4,Catering,-19494.42
806,2025-09-12,4,Airport Fees,-9147.71
807,2024-11-01,1,Baggage Revenue,3712.88
808,2026-05-13,7,Baggage Revenue,6002.52
809,2025-04-13,3,Crew Cost,-8908.39
810,2025-02-19,11,Crew Cost,-19392.66
811,2026-07-06,9,Fuel,-2120.91
812,2025-10-12,8,Baggage Revenue,12813.9
813,2025-06-23,2,Catering,-732.96
814,2024-01-15,6,Crew Cost,-17556.78
815,2024-08-15,9,Airport Fees,-24094.27
816,2025-05-13,10,Maintenance,-9114.12
817,2025-07-28,15,Maintenance,-23098.02
818,2025-02-28,3,Ticket Revenue,22152.8
819,2025-03-08,14,Maintenance,-8902.04
820,2024-10-11,8,Baggage Revenue,5444.33
821,2024-01-06,7,Baggage Revenue,8454.26
822,2026-05-31,15,Fuel,-22913.44
823,2024-04-22,5,Ticket Revenue,10812.01
824,2025-09-23,12,Maintenance,-12609.08
825,2025-09-21,9,Crew Cost,-3916.0
826,2025-06-25,6,Crew Cost,-5936.61
827,2025-10-18,4,Airport Fees,-23178.05
828,2024-05-05,14,Baggage Revenue,22884.08
829,2024-12-16,12,Maintenance,-7620.11
830,2025-10-14,14,Baggage Revenue,17594.82
831,2025-07-10,12,Baggage Revenue,17261.57
832,2025-03-14,5,Catering,-10717.59
833,2024-08-20,14,Ticket Revenue,17930.82
834,2025-11-02,15,Ticket Revenue,22412.14
835,2024-01-15,12,Catering,-19430.2
836,2025-12-06,8,Maintenance,-13899.94
837,2026-02-14,8,Airport Fees,-15990.89
838,2026-02-27,14,Crew Cost,-20992.98
839,2025-05-28,6,Crew Cost,-18818.52
840,2025-03-02,9,Ticket Revenue,23493.81
841,2024-06-19,14,Baggage Revenue,21038.83
842,2026-04-20,2,Maintenance,-1714.73
843,2025-11-19,9,Ticket Revenue,17998.97
844,2024-12-16,3,Fuel,-3607.27
845,2024-12-17,13,Baggage Revenue,20893.37
846,2025-09-27,8,Catering,-2771.72
847,2024-07-18,9,Baggage Revenue,7403.95
848,2024-12-09,1,Baggage Revenue,8072.92
849,2025-08-08,1,Fuel,-23340.98
850,2026-05-05,12,Baggage Revenue,24707.53
851,2026-05-05,15,Baggage Revenue,13607.15
852,2025-02-10,5,Airport Fees,-13194.73
853,2025-05-31,10,Crew Cost,-13645.58
854,2024-07-20,1,Crew Cost,-16110.96
855,2024-06-09,2,Crew Cost,-2000.49
856,2026-07-31,10,Catering,-7622.71
857,2024-02-01,4,Fuel,-15412.51
858,2024-10-15,10,Fuel,-6097.71
859,2025-08-24,11,Fuel,-15349.92
860,2026-05-20,2,Crew Cost,-22547.48
861,2025-12-18,11,Crew Cost,-19280.69
862,2026-03-15,3,Catering,-13481.17
863,2024-01-23,7,Maintenance,-7188.42
864,2025-05-30,12,Fuel,-10466.8
865,2025-01-04,8,Maintenance,-2422.74
866,2024-09-29,3,Ticket Revenue,3883.19
867,2025-06-21,12,Crew Cost,-24964.9
868,2024-03-07,1,Crew Cost,-22945.13
869,2024-10-04,15,Fuel,-15553.32
870,2024-08-30,15,Baggage Revenue,15840.12
871,2024-11-27,13,Maintenance,-7231.35
872,2026-04-30,5,Crew Cost,-9969.63
873,2025-08-25,1,Baggage Revenue,5365.43
874,2024-09-28,14,Airport Fees,-23773.49
875,2026-04-03,11,Crew Cost,-20434.28
876,2024-08-11,7,Airport Fees,-7554.39
877,2026-07-04,4,Airport Fees,-9255.25
878,2024-02-24,15,Baggage Revenue,573.35
879,2026-05-13,6,Ticket Revenue,6916.57
880,2025-05-10,7,Crew Cost,-6853.27
881,2024-08-16,12,Catering,-4095.86
882,2025-06-05,12,Crew Cost,-22910.16
883,2026-01-29,6,Baggage Revenue,872.07
884,2025-10-20,15,Ticket Revenue,14148.0
885,2026-08-03,7,Airport Fees,-10607.29
886,2026-04-10,5,Ticket Revenue,10187.94
887,2024-09-12,3,Airport Fees,-4018.34
888,2024-04-10,1,Baggage Revenue,19890.78
889,2025-10-29,2,Fuel,-8305.47
890,2024-12-23,7,Catering,-17203.97
891,2025-06-25,15,Catering,-8101.21
892,2025-08-12,12,Airport Fees,-22739.37
893,2024-03-25,3,Catering,-5917.12
894,2024-07-02,9,Maintenance,-20856.56
895,2026-03-19,6,Maintenance,-18665.03
896,2024-09-16,13,Crew Cost,-21791.64
897,2024-12-28,4,Ticket Revenue,24672.61
898,2026-01-31,5,Fuel,-14570.68
899,2024-08-07,11,Maintenance,-18329.26
900,2024-02-02,2,Baggage Revenue,14392.13
901,2025-04-15,5,Crew Cost,-22389.49
902,2026-05-05,4,Baggage Revenue,15538.38
903,2025-05-28,7,Maintenance,-21200.12
904,2026-01-21,4,Crew Cost,-6835.27
905,2025-06-12,13,Airport Fees,-1411.13
906,2024-11-07,6,Fuel,-2741.08
907,2026-04-13,6,Baggage Revenue,16418.97
908,2024-11-28,5,Airport Fees,-20933.54
909,2024-08-30,7,Fuel,-6282.65
910,2024-08-21,4,Airport Fees,-14879.7
911,2024-08-29,11,Crew Cost,-13274.87
912,2024-01-08,2,Airport Fees,-16575.33
913,2026-04-13,2,Airport Fees,-5992.89
914,2025-11-07,8,Catering,-5785.78
915,2024-03-06,8,Catering,-19554.95
916,2026-02-01,11,Baggage Revenue,1497.97
917,2026-01-28,2,Fuel,-17441.53
918,2024-06-24,14,Fuel,-2066.84
919,2024-09-18,9,Baggage Revenue,2848.32
920,2025-01-16,5,Baggage Revenue,6298.68
921,2025-08-16,12,Catering,-8734.11
922,2025-03-11,10,Baggage Revenue,24673.47
923,2024-09-03,14,Catering,-11573.01
924,2024-03-26,8,Ticket Revenue,10895.69
925,2026-06-21,11,Crew Cost,-19339.76
926,2024-10-04,14,Crew Cost,-6961.89
927,2026-01-24,13,Crew Cost,-15045.62
928,2024-10-04,11,Airport Fees,-17585.83
929,2026-07-19,6,Airport Fees,-21447.24
930,2026-03-31,3,Crew Cost,-3323.19
931,2024-08-01,1,Catering,-16474.28
932,2024-04-11,4,Catering,-417.84
933,2025-12-07,8,Fuel,-12570.88
934,2024-08-14,10,Maintenance,-9207.78
935,2025-07-24,3,Maintenance,-20423.74
936,2025-03-11,12,Airport Fees,-18261.77
937,2025-04-15,14,Catering,-17380.24
938,2024-05-12,2,Baggage Revenue,4487.55
939,2024-03-22,13,Ticket Revenue,7959.92
940,2024-07-12,10,Fuel,-7404.83
941,2025-07-10,2,Catering,-5092.11
942,2026-07-03,3,Maintenance,-10705.58
943,2024-09-07,12,Catering,-10802.26
944,2026-04-11,15,Fuel,-8942.48
945,2025-07-07,12,Airport Fees,-19913.93
946,2024-05-02,15,Catering,-17357.26
947,2025-08-17,6,Maintenance,-19935.12
948,2024-09-17,13,Crew Cost,-20263.9
949,2025-05-02,13,Crew Cost,-5751.42
950,2026-04-13,13,Fuel,-23672.01
951,2026-03-18,1,Airport Fees,-16367.04
952,2024-12-02,15,Crew Cost,-20017.45
953,2024-09-28,8,Crew Cost,-23230.17
954,2025-02-27,5,Maintenance,-20436.76
955,2025-08-08,12,Ticket Revenue,14122.45
956,2024-06-23,8,Catering,-12153.28
957,2026-05-08,6,Ticket Revenue,13834.19
958,2025-06-07,3,Ticket Revenue,21899.53
959,2024-08-07,13,Ticket Revenue,1934.09
960,2024-05-19,7,Fuel,-9857.59
961,2025-08-15,10,Airport Fees,-7322.52
962,2025-05-16,2,Ticket Revenue,11328.92
963,2024-08-10,5,Airport Fees,-15173.23
964,2026-05-30,11,Crew Cost,-19379.95
965,2025-07-25,5,Airport Fees,-509.76
966,2025-04-02,2,Crew Cost,-10960.12
967,2024-10-03,5,Fuel,-7470.96
968,2026-02-25,13,Crew Cost,-18484.62
969,2026-04-12,15,Catering,-7078.52
970,2025-07-03,13,Ticket Revenue,6083.61
971,2026-06-25,6,Catering,-4569.85
972,2024-12-17,15,Catering,-12728.85
973,2024-02-25,13,Fuel,-1586.77
974,2026-06-21,1,Catering,-17533.82
975,2025-10-29,6,Catering,-22141.4
976,2026-08-12,13,Maintenance,-5139.11
977,2025-12-10,3,Airport Fees,-12527.48
978,2024-11-07,5,Airport Fees,-22041.93
979,2025-10-20,15,Fuel,-21356.57
980,2026-08-05,3,Ticket Revenue,19614.26
981,2025-03-02,12,Catering,-4908.83
982,2026-07-31,12,Airport Fees,-11094.4
983,2024-12-16,4,Baggage Revenue,24586.66
984,2024-11-01,2,Baggage Revenue,6278.71
985,2025-01-04,2,Fuel,-3593.63
986,2025-03-12,14,Airport Fees,-10505.99
987,2026-06-13,4,Baggage Revenue,4033.8
988,2024-02-09,14,Crew Cost,-11928.23
989,2024-05-25,8,Airport Fees,-15593.02
990,2024-01-16,9,Catering,-10058.52
991,2025-06-20,10,Ticket Revenue,6543.92
992,2024-05-31,7,Maintenance,-11671.93
993,2026-07-17,15,Maintenance,-19831.96
994,2024-09-14,14,Crew Cost,-20495.52
995,2024-12-29,10,Maintenance,-452.62
996,2026-05-04,11,Maintenance,-1410.86
997,2025-09-27,11,Fuel,-22956.6
998,2024-11-09,1,Maintenance,-5926.43
999,2026-06-18,5,Catering,-10336.1
1000,2025-11-17,7,Crew Cost,-3076.87
1001,2024-01-23,3,Catering,-8562.83
1002,2026-06-25,7,Airport Fees,-19101.79
1003,2024-01-26,10,Ticket Revenue,1608.82
1004,2025-05-19,13,Catering,-11374.84
1005,2024-04-09,12,Fuel,-15509.93
1006,2026-03-15,14,Catering,-7377.28
1007,2026-02-26,11,Catering,-20583.85
1008,2025-02-02,9,Ticket Revenue,390.58
1009,2024-11-13,10,Catering,-10850.44
1010,2024-09-01,2,Maintenance,-21344.04
1011,2026-06-07,13,Ticket Revenue,3181.29
1012,2026-01-09,10,Airport Fees,-5042.4
1013,2024-04-15,11,Maintenance,-16483.24
1014,2025-09-08,7,Baggage Revenue,8067.95
1015,2026-06-13,12,Catering,-6400.16
1016,2025-09-25,7,Baggage Revenue,13195.41
1017,2024-11-11,13,Airport Fees,-15912.57
1018,2024-11-12,15,Baggage Revenue,17962.46
1019,2026-04-20,3,Baggage Revenue,9738.56
1020,2025-04-20,15,Catering,-14851.91
1021,2024-09-28,12,Airport Fees,-22972.68
1022,2025-01-08,7,Crew Cost,-23776.54
1023,2024-09-11,9,Catering,-15923.11
1024,2026-05-15,15,Crew Cost,-13586.56
1025,2024-03-08,8,Airport Fees,-18637.77
1026,2026-06-11,4,Ticket Revenue,22740.81
1027,2025-06-06,10,Ticket Revenue,5858.3
1028,2024-04-18,3,Fuel,-9504.04
1029,2025-07-02,6,Catering,-848.44
1030,2025-11-09,10,Maintenance,-24191.92
1031,2026-03-16,9,Baggage Revenue,20494.68
1032,2024-09-08,8,Maintenance,-2190.79
1033,2025-07-18,3,Catering,-21764.76
1034,2025-11-15,12,Catering,-17772.48
1035,2026-01-28,4,Ticket Revenue,21609.37
1036,2024-09-01,2,Maintenance,-21322.79
1037,2024-03-24,5,Ticket Revenue,6413.38
1038,2025-03-02,8,Fuel,-7504.76
1039,2024-09-20,1,Fuel,-8652.25
1040,2025-01-27,11,Fuel,-17477.56
1041,2026-02-22,11,Fuel,-16599.99
1042,2026-02-21,8,Baggage Revenue,12354.66
1043,2024-08-02,7,Fuel,-13743.5
1044,2024-12-03,5,Catering,-11437.1
1045,2024-08-11,8,Crew Cost,-8325.51
1046,2026-05-24,8,Airport Fees,-20407.69
1047,2026-05-27,9,Maintenance,-14411.78
1048,2024-04-09,9,Fuel,-19211.12
1049,2025-07-01,4,Crew Cost,-4230.96
1050,2024-08-12,9,Catering,-6391.7
1051,2026-06-01,6,Catering,-10314.74
1052,2024-08-14,9,Catering,-5841.98
1053,2024-10-15,11,Airport Fees,-15373.22
1054,2024-09-02,7,Fuel,-17945.37
1055,2025-03-23,6,Ticket Revenue,5908.45
1056,2025-07-27,5,Airport Fees,-622.69
1057,2025-03-09,14,Catering,-15283.93
1058,2025-01-08,2,Ticket Revenue,24534.56
1059,2026-05-05,13,Baggage Revenue,8384.61
1060,2025-03-14,1,Baggage Revenue,15967.71
1061,2026-02-16,10,Baggage Revenue,1484.33
1062,2026-08-05,9,Maintenance,-14349.43
1063,2026-05-15,11,Catering,-14132.22
1064,2026-03-01,13,Crew Cost,-14311.65
1065,2024-05-16,13,Crew Cost,-12297.71
1066,2025-02-18,12,Ticket Revenue,11428.35
1067,2024-12-15,9,Baggage Revenue,21663.58
1068,2025-12-17,9,Catering,-627.62
1069,2024-04-17,11,Fuel,-9555.13
1070,2024-05-03,10,Airport Fees,-10592.17
1071,2025-07-02,8,Maintenance,-20772.14
1072,2024-11-04,15,Baggage Revenue,9924.47
1073,2026-02-15,5,Baggage Revenue,2505.26
1074,2026-06-12,15,Crew Cost,-3326.66
1075,2024-01-03,11,Maintenance,-3272.22
1076,2026-07-26,15,Catering,-15215.47
1077,2025-08-02,4,Baggage Revenue,13394.47
1078,2026-04-04,1,Crew Cost,-6458.28
1079,2026-01-30,6,Maintenance,-4966.77
1080,2025-09-09,10,Fuel,-22765.86
1081,2025-07-29,15,Catering,-14772.87
1082,2026-02-16,12,Crew Cost,-21130.46
1083,2024-03-01,4,Airport Fees,-6834.45
1084,2024-05-16,2,Maintenance,-12024.7
1085,2024-11-04,9,Ticket Revenue,6647.73
1086,2025-01-20,6,Fuel,-4241.45
1087,2025-09-23,6,Ticket Revenue,9913.07
1088,2025-07-25,3,Maintenance,-376.81
1089,2026-05-06,9,Baggage Revenue,22281.9
1090,2025-07-23,6,Baggage Revenue,11411.38
1091,2025-02-08,3,Fuel,-3352.38
1092,2024-09-17,7,Ticket Revenue,11834.64
1093,2026-04-16,2,Catering,-21801.91
1094,2025-08-27,3,Fuel,-23946.26
1095,2025-04-15,10,Airport Fees,-343.1
1096,2024-09-29,8,Catering,-24375.4
1097,2025-05-27,2,Fuel,-8293.07
1098,2025-12-22,3,Catering,-17762.9
1099,2024-04-18,1,Airport Fees,-18893.37
1100,2025-04-03,14,Crew Cost,-22689.76
1101,2026-02-21,7,Maintenance,-10420.9
1102,2025-06-01,3,Maintenance,-19227.3
1103,2024-02-16,6,Baggage Revenue,17225.47
1104,2026-06-23,8,Baggage Revenue,8337.35
1105,2024-09-05,1,Ticket Revenue,20705.75
1106,2026-07-24,6,Crew Cost,-22327.29
1107,2024-07-12,7,Baggage Revenue,14301.54
1108,2026-02-10,7,Ticket Revenue,20532.06
1109,2024-10-31,15,Crew Cost,-15733.26
1110,2025-02-20,6,Ticket Revenue,19791.38
1111,2024-11-30,3,Baggage Revenue,15568.4
1112,2025-03-07,15,Baggage Revenue,17416.85
1113,2026-01-29,15,Baggage Revenue,1228.14
1114,2025-05-09,10,Fuel,-2680.33
1115,2024-03-05,13,Baggage Revenue,10512.58
1116,2026-01-06,1,Airport Fees,-19797.74
1117,2024-04-18,9,Catering,-1872.96
1118,2025-11-30,13,Crew Cost,-637.5
1119,2026-03-07,1,Airport Fees,-5686.46
1120,2024-09-23,9,Catering,-21550.13
1121,2024-10-12,3,Catering,-22212.84
1122,2025-03-11,2,Baggage Revenue,7571.11
1123,2025-11-29,10,Baggage Revenue,17140.77
1124,2025-10-10,8,Crew Cost,-17674.11
1125,2025-08-23,7,Fuel,-322.97
1126,2024-03-12,3,Ticket Revenue,9540.9
1127,2026-05-28,5,Baggage Revenue,4007.21
1128,2024-04-12,9,Crew Cost,-8850.17
1129,2025-09-17,7,Airport Fees,-6850.87
1130,2026-02-28,6,Airport Fees,-2184.29
1131,2025-11-26,15,Airport Fees,-24655.04
1132,2026-06-09,2,Maintenance,-12678.37
1133,2024-04-23,7,Airport Fees,-3881.99
1134,2024-06-20,10,Airport Fees,-6089.67
1135,2024-07-05,9,Fuel,-1208.85
1136,2026-05-28,4,Catering,-7711.7
1137,2026-07-15,9,Airport Fees,-1891.18
1138,2026-03-30,12,Fuel,-6414.98
1139,2025-10-02,8,Catering,-11053.13
1140,2024-05-20,14,Airport Fees,-16890.29
1141,2025-02-10,11,Fuel,-20863.3
1142,2024-05-20,4,Catering,-1660.83
1143,2024-04-06,10,Catering,-6391.62
1144,2025-04-15,5,Fuel,-3650.32
1145,2025-12-30,4,Ticket Revenue,8898.13
1146,2026-01-23,1,Crew Cost,-4655.22
1147,2025-08-25,12,Maintenance,-6109.41
1148,2025-04-15,8,Crew Cost,-22962.19
1149,2026-07-24,13,Baggage Revenue,16143.01
1150,2026-02-26,13,Fuel,-21702.58
1151,2026-01-11,5,Crew Cost,-13724.62
1152,2024-05-07,2,Fuel,-20548.75
1153,2024-03-01,11,Maintenance,-8937.28
1154,2024-08-24,3,Catering,-6338.05
1155,2026-05-04,11,Catering,-13855.35
1156,2025-11-28,12,Crew Cost,-23570.94
1157,2024-09-04,11,Catering,-20925.76
1158,2025-05-02,10,Ticket Revenue,6305.61
1159,2024-01-08,4,Crew Cost,-23881.62
1160,2025-01-27,3,Catering,-13267.28
1161,2025-06-11,10,Baggage Revenue,10697.28
1162,2026-03-11,3,Crew Cost,-7417.83
1163,2025-10-10,8,Fuel,-15789.95
1164,2024-05-14,2,Crew Cost,-14597.69
1165,2024-02-26,4,Catering,-20677.86
1166,2025-01-26,1,Airport Fees,-22894.84
1167,2026-06-23,5,Airport Fees,-18737.63
1168,2026-05-15,7,Fuel,-4869.46
1169,2024-01-03,2,Baggage Revenue,3571.76
1170,2026-05-22,2,Fuel,-13540.85
1171,2024-01-24,12,Baggage Revenue,4093.77
1172,2024-12-17,5,Catering,-15542.51
1173,2024-01-14,7,Ticket Revenue,4292.87
1174,2025-02-12,14,Catering,-6036.44
1175,2025-12-03,1,Fuel,-2367.81
1176,2024-03-14,1,Fuel,-20976.3
1177,2026-08-03,6,Maintenance,-14861.92
1178,2024-07-24,12,Crew Cost,-8857.98
1179,2026-03-04,15,Baggage Revenue,10098.02
1180,2024-01-17,6,Baggage Revenue,3626.38
1181,2024-07-12,5,Maintenance,-21244.36
1182,2025-05-26,7,Maintenance,-7835.69
1183,2024-03-14,9,Baggage Revenue,2060.04
1184,2026-08-04,15,Ticket Revenue,9171.17
1185,2026-02-16,4,Airport Fees,-6303.21
1186,2024-05-20,9,Crew Cost,-10367.39
1187,2024-10-22,14,Fuel,-21549.02
1188,2026-06-29,1,Ticket Revenue,18699.09
1189,2025-12-20,10,Ticket Revenue,6318.14
1190,2025-01-25,12,Maintenance,-8238.33
1191,2024-10-02,6,Fuel,-10997.19
1192,2024-02-18,9,Baggage Revenue,4288.54
1193,2026-07-15,13,Crew Cost,-7339.68
1194,2024-06-02,12,Airport Fees,-7918.47
1195,2024-03-09,10,Fuel,-4965.22
1196,2025-03-10,3,Catering,-7053.17
1197,2025-04-05,4,Baggage Revenue,10789.33
1198,2024-07-15,4,Catering,-21240.54
1199,2024-08-12,11,Baggage Revenue,17095.56
1200,2025-10-02,14,Catering,-1954.09
1201,2025-05-23,8,Catering,-12856.81
1202,2024-08-14,7,Crew Cost,-6100.46
1203,2025-01-18,15,Ticket Revenue,331.36
1204,2026-01-12,8,Catering,-14267.08
1205,2026-08-06,11,Catering,-5218.1
1206,2024-07-19,10,Catering,-16280.35
1207,2024-07-01,13,Baggage Revenue,6739.39
1208,2025-07-16,8,Ticket Revenue,6279.57
1209,2025-01-05,6,Airport Fees,-14893.23
1210,2025-05-15,12,Ticket Revenue,14889.27
1211,2025-04-20,1,Baggage Revenue,21264.22
1212,2026-02-08,4,Catering,-5198.51
1213,2024-02-11,2,Crew Cost,-24677.48
1214,2025-08-05,14,Baggage Revenue,9420.85
1215,2026-08-04,14,Airport Fees,-24258.48
1216,2025-05-08,1,Baggage Revenue,4138.08
1217,2024-06-09,4,Crew Cost,-23832.04
1218,2026-05-17,8,Fuel,-24113.13
1219,2024-05-29,15,Fuel,-7473.19
1220,2026-04-24,15,Baggage Revenue,5318.06
1221,2025-07-30,9,Maintenance,-15193.92
1222,2026-04-25,10,Ticket Revenue,3691.46
1223,2024-03-22,5,Catering,-7589.58
1224,2024-08-14,8,Catering,-24578.36
1225,2026-03-01,14,Crew Cost,-19194.3
1226,2025-11-19,15,Catering,-19961.25
1227,2025-09-01,9,Ticket Revenue,21874.2
1228,2025-09-05,2,Airport Fees,-17327.61
1229,2026-07-10,5,Catering,-18000.92
1230,2026-03-24,7,Crew Cost,-18393.62
1231,2024-08-08,5,Catering,-9968.76
1232,2025-08-28,14,Airport Fees,-2773.69
1233,2025-09-19,8,Maintenance,-15367.19
1234,2024-07-02,11,Baggage Revenue,20057.55
1235,2024-09-17,12,Baggage Revenue,6090.76
1236,2024-10-02,6,Catering,-4804.38
1237,2025-11-22,13,Catering,-23937.99
1238,2025-04-09,15,Maintenance,-3719.54
1239,2025-04-28,6,Ticket Revenue,13854.68
1240,2025-06-14,12,Ticket Revenue,18606.11
1241,2024-05-07,9,Fuel,-2646.96
1242,2025-02-13,15,Catering,-14146.37
1243,2024-12-20,11,Maintenance,-17100.5
1244,2026-04-05,9,Catering,-1379.21
1245,2024-03-18,13,Ticket Revenue,10669.78
1246,2026-03-27,1,Maintenance,-12015.03
1247,2026-06-06,14,Baggage Revenue,14030.7
1248,2025-12-18,15,Catering,-1280.52
1249,2026-06-29,12,Baggage Revenue,22369.6
1250,2025-03-02,13,Ticket Revenue,21555.32
1251,2024-06-13,6,Catering,-21375.67
1252,2025-12-31,9,Maintenance,-13135.3
1253,2024-04-26,3,Baggage Revenue,19765.87
1254,2026-04-02,3,Crew Cost,-20090.54
1255,2025-07-04,7,Airport Fees,-24089.78
1256,2025-08-03,14,Maintenance,-20460.82
1257,2025-05-23,9,Crew Cost,-3249.23
1258,2025-08-03,10,Crew Cost,-3824.17
1259,2026-04-17,15,Fuel,-12861.54
1260,2024-08-12,1,Catering,-17823.24
1261,2025-04-07,1,Fuel,-20932.46
1262,2024-12-06,8,Ticket Revenue,592.54
1263,2024-06-14,3,Crew Cost,-11010.07
1264,2025-10-18,15,Crew Cost,-10760.27
1265,2025-04-12,5,Airport Fees,-17453.79
1266,2026-05-14,9,Baggage Revenue,13990.35
1267,2024-08-03,1,Ticket Revenue,20127.82
1268,2025-10-20,11,Baggage Revenue,17591.6
1269,2025-12-20,15,Ticket Revenue,12170.22
1270,2024-11-23,10,Ticket Revenue,6173.09
1271,2025-09-14,7,Ticket Revenue,16213.73
1272,2026-01-23,8,Crew Cost,-5903.84
1273,2024-09-10,7,Airport Fees,-16294.47
1274,2025-04-05,11,Maintenance,-4035.48
1275,2025-01-18,3,Maintenance,-5536.86
1276,2024-12-10,3,Catering,-10912.37
1277,2025-04-03,9,Airport Fees,-13113.89
1278,2024-12-03,6,Catering,-23856.19
1279,2026-08-10,14,Catering,-15306.82
1280,2026-02-05,14,Crew Cost,-10790.89
1281,2024-11-30,15,Maintenance,-20752.84
1282,2026-03-30,5,Baggage Revenue,3740.06
1283,2025-01-14,5,Crew Cost,-664.91
1284,2024-11-09,7,Fuel,-6613.39
1285,2025-08-17,12,Airport Fees,-13460.36
1286,2024-07-15,2,Ticket Revenue,16019.06
1287,2024-05-12,11,Airport Fees,-20097.83
1288,2025-05-28,14,Baggage Revenue,15201.42
1289,2024-07-21,14,Maintenance,-3168.58
1290,2026-03-19,5,Catering,-19849.68
1291,2024-12-13,7,Crew Cost,-607.87
1292,2024-04-11,9,Baggage Revenue,17722.66
1293,2025-05-01,5,Maintenance,-13177.66
1294,2025-04-12,6,Maintenance,-12530.28
1295,2024-07-09,6,Maintenance,-18706.79
1296,2024-01-01,6,Airport Fees,-1389.95
1297,2024-06-24,6,Maintenance,-10442.91
1298,2025-07-21,3,Maintenance,-23555.2
1299,2025-03-27,8,Catering,-640.11
1300,2024-09-04,15,Airport Fees,-21971.15
1301,2025-05-06,4,Maintenance,-16319.23
1302,2024-12-22,5,Maintenance,-22729.68
1303,2024-12-07,4,Fuel,-1434.4
1304,2024-11-03,6,Maintenance,-20240.7
1305,2025-03-31,1,Baggage Revenue,13424.98
1306,2025-04-16,3,Fuel,-6437.28
1307,2024-05-20,5,Baggage Revenue,11934.32
1308,2025-10-13,10,Ticket Revenue,23100.79
1309,2024-11-19,6,Maintenance,-11153.16
1310,2024-04-05,2,Airport Fees,-3680.49
1311,2024-07-10,9,Fuel,-1918.02
1312,2025-09-18,10,Catering,-653.97
1313,2025-06-19,10,Fuel,-5517.41
1314,2024-09-23,8,Catering,-13869.06
1315,2025-05-14,4,Crew Cost,-8952.47
1316,2025-12-19,10,Catering,-21913.4
1317,2025-09-25,13,Baggage Revenue,19714.97
1318,2024-04-12,1,Baggage Revenue,11780.29
1319,2025-10-21,11,Maintenance,-5989.14
1320,2026-02-02,11,Ticket Revenue,10544.11
1321,2024-08-12,5,Crew Cost,-16056.51
1322,2025-10-23,1,Catering,-873.52
1323,2025-04-21,8,Fuel,-22263.9
1324,2024-04-03,14,Fuel,-16472.04
1325,2026-05-06,12,Maintenance,-24075.07
1326,2026-04-30,12,Fuel,-16706.09
1327,2026-03-02,7,Fuel,-9258.95
1328,2024-03-12,2,Ticket Revenue,11119.99
1329,2026-05-08,9,Airport Fees,-471.93
1330,2024-05-11,9,Baggage Revenue,1713.56
1331,2025-03-06,9,Ticket Revenue,2843.75
1332,2024-06-28,15,Catering,-10019.44
1333,2025-05-16,12,Airport Fees,-7386.77
1334,2024-07-01,4,Baggage Revenue,10197.71
1335,2025-03-10,12,Catering,-10330.67
1336,2026-05-27,2,Baggage Revenue,8967.8
1337,2025-09-07,6,Maintenance,-12990.61
1338,2025-01-27,7,Baggage Revenue,23409.12
1339,2024-10-06,6,Maintenance,-13213.52
1340,2024-06-03,3,Ticket Revenue,20559.11
1341,2026-06-01,5,Baggage Revenue,19553.47
1342,2025-06-09,12,Baggage Revenue,10611.01
1343,2026-06-22,1,Airport Fees,-6219.38
1344,2025-12-13,14,Catering,-1082.3
1345,2024-04-06,13,Ticket Revenue,1675.37
1346,2026-07-26,7,Crew Cost,-5710.89
1347,2025-12-20,3,Crew Cost,-21965.84
1348,2025-07-27,15,Fuel,-2903.91
1349,2025-06-26,15,Fuel,-20687.63
1350,2024-04-23,3,Baggage Revenue,11593.42
1351,2025-07-12,13,Fuel,-16245.24
1352,2024-05-01,14,Airport Fees,-3852.34
1353,2025-10-29,13,Ticket Revenue,19912.28
1354,2026-06-06,5,Fuel,-2516.25
1355,2025-03-19,10,Baggage Revenue,13218.37
1356,2026-01-03,14,Catering,-2845.72
1357,2025-05-27,10,Crew Cost,-21420.47
1358,2024-05-21,14,Airport Fees,-14833.73
1359,2025-03-22,3,Fuel,-13777.58
1360,2026-01-28,6,Crew Cost,-7035.21
1361,2026-07-09,15,Ticket Revenue,12922.5
1362,2024-04-03,1,Baggage Revenue,810.1
1363,2025-08-06,13,Maintenance,-12176.98
1364,2024-12-24,5,Catering,-5594.53
1365,2024-06-18,3,Fuel,-22334.66
1366,2024-01-21,7,Fuel,-7026.41
1367,2025-03-18,7,Maintenance,-12928.58
1368,2026-07-22,15,Fuel,-377.61
1369,2026-08-02,6,Airport Fees,-18648.93
1370,2024-11-21,11,Catering,-4269.05
1371,2026-05-23,5,Maintenance,-24969.79
1372,2024-04-29,10,Fuel,-7532.69
1373,2025-11-16,12,Airport Fees,-16736.3
1374,2026-02-16,10,Fuel,-24010.63
1375,2025-03-27,10,Catering,-18980.85
1376,2025-02-03,6,Airport Fees,-8938.21
1377,2024-10-27,11,Ticket Revenue,23043.2
1378,2025-08-17,11,Fuel,-5553.12
1379,2025-10-15,5,Airport Fees,-15971.5
1380,2026-04-05,5,Ticket Revenue,18702.42
1381,2025-04-22,1,Airport Fees,-9115.42
1382,2024-09-06,12,Airport Fees,-20832.39
1383,2025-11-08,1,Fuel,-11971.52
1384,2025-05-30,10,Crew Cost,-21579.57
1385,2025-10-10,7,Catering,-5599.76
1386,2024-06-07,12,Ticket Revenue,22422.34
1387,2025-02-13,2,Maintenance,-13466.63
1388,2026-03-26,3,Airport Fees,-10888.96
1389,2024-02-01,12,Fuel,-6113.38
1390,2024-11-02,9,Airport Fees,-2846.16
1391,2025-05-18,14,Baggage Revenue,7492.92
1392,2025-04-11,3,Maintenance,-10122.07
1393,2025-06-27,1,Crew Cost,-15098.35
1394,2025-11-24,5,Baggage Revenue,18166.16
1395,2025-08-08,3,Baggage Revenue,1356.18
1396,2026-05-15,12,Maintenance,-23800.6
1397,2025-08-21,9,Airport Fees,-6441.29
1398,2024-11-29,7,Catering,-17061.74
1399,2025-08-24,15,Baggage Revenue,20225.35
1400,2024-03-22,1,Catering,-10607.62
1401,2026-03-03,12,Ticket Revenue,11111.56
1402,2025-05-16,14,Crew Cost,-1481.12
1403,2025-07-06,1,Fuel,-10381.08
1404,2024-01-13,2,Ticket Revenue,23447.32
1405,2024-02-13,3,Airport Fees,-9419.86
1406,2025-01-11,8,Maintenance,-22463.25
1407,2024-04-05,7,Crew Cost,-17612.04
1408,2025-01-26,8,Fuel,-22156.38
1409,2026-04-29,12,Catering,-5137.95
1410,2025-03-22,6,Catering,-16817.49
1411,2025-11-29,15,Crew Cost,-2756.13
1412,2025-01-26,1,Maintenance,-12338.63
1413,2025-02-16,3,Crew Cost,-18189.24
1414,2025-12-08,4,Baggage Revenue,4295.1
1415,2026-05-13,2,Airport Fees,-23981.32
1416,2024-08-14,3,Crew Cost,-11904.56
1417,2026-08-11,2,Crew Cost,-11354.47
1418,2025-05-12,3,Maintenance,-22183.64
1419,2024-08-20,7,Crew Cost,-21546.84
1420,2024-11-07,2,Maintenance,-22944.27
1421,2024-04-20,8,Ticket Revenue,16844.02
1422,2025-08-18,13,Catering,-16650.85
1423,2024-04-09,8,Crew Cost,-5974.3
1424,2025-02-08,2,Baggage Revenue,18634.04
1425,2024-01-27,8,Airport Fees,-15651.46
1426,2024-07-16,5,Airport Fees,-8773.92
1427,2025-03-30,13,Maintenance,-24174.76
1428,2025-07-22,9,Fuel,-12309.25
1429,2025-10-31,4,Ticket Revenue,18167.19
1430,2024-08-25,1,Catering,-16749.38
1431,2024-11-09,7,Catering,-560.16
1432,2025-01-14,8,Crew Cost,-11581.31
1433,2025-02-14,1,Catering,-15292.44
1434,2025-02-02,7,Ticket Revenue,24997.91
1435,2024-05-06,12,Fuel,-4112.05
1436,2026-05-10,13,Crew Cost,-17144.19
1437,2024-10-17,11,Ticket Revenue,11084.4
1438,2025-12-09,2,Airport Fees,-11921.72
1439,2025-08-27,5,Crew Cost,-4211.05
1440,2025-08-25,1,Crew Cost,-13394.05
1441,2026-08-02,9,Ticket Revenue,1432.37
1442,2024-04-17,3,Ticket Revenue,10528.41
1443,2024-11-22,2,Ticket Revenue,10316.32
1444,2024-10-23,8,Airport Fees,-4585.97
1445,2026-08-11,11,Baggage Revenue,24941.98
1446,2024-02-17,2,Crew Cost,-17896.87
1447,2024-10-15,3,Ticket Revenue,23904.53
1448,2025-05-31,10,Maintenance,-18639.51
1449,2024-01-06,9,Maintenance,-12499.76
1450,2024-04-22,12,Fuel,-15434.83
1451,2026-05-05,2,Maintenance,-4447.3
1452,2024-01-28,9,Maintenance,-4077.35
1453,2024-06-22,8,Baggage Revenue,12312.61
1454,2024-12-07,6,Ticket Revenue,5315.49
1455,2024-12-20,10,Baggage Revenue,19319.45
1456,2025-12-13,7,Baggage Revenue,7634.76
1457,2024-10-22,15,Crew Cost,-2457.44
1458,2025-02-11,4,Ticket Revenue,14759.47
1459,2025-05-05,12,Maintenance,-14019.58
1460,2024-03-23,13,Crew Cost,-6750.49
1461,2024-12-09,15,Ticket Revenue,3480.41
1462,2025-06-01,5,Catering,-15825.13
1463,2024-09-25,6,Baggage Revenue,18586.71
1464,2025-03-06,13,Fuel,-4970.37
1465,2025-06-03,11,Crew Cost,-18723.71
1466,2026-07-09,15,Fuel,-16491.74
1467,2025-07-11,6,Maintenance,-19430.63
1468,2024-05-11,4,Maintenance,-1878.38
1469,2025-12-05,11,Ticket Revenue,24161.51
1470,2025-10-16,13,Catering,-16590.97
1471,2024-11-16,14,Crew Cost,-6691.62
1472,2025-11-21,13,Airport Fees,-21965.67
1473,2024-04-28,15,Ticket Revenue,14644.33
1474,2026-03-23,10,Maintenance,-4265.24
1475,2024-06-01,1,Airport Fees,-21358.86
1476,2026-03-22,13,Crew Cost,-18137.92
1477,2024-10-31,5,Airport Fees,-7224.16
1478,2025-01-22,7,Baggage Revenue,13731.38
1479,2024-09-10,11,Airport Fees,-10159.98
1480,2025-12-17,10,Crew Cost,-468.25
1481,2025-09-03,10,Catering,-12100.18
1482,2025-01-10,7,Crew Cost,-6119.57
1483,2026-01-03,5,Maintenance,-4114.1
1484,2026-05-07,15,Airport Fees,-2588.3
1485,2025-02-02,11,Baggage Revenue,5818.64
1486,2025-11-06,8,Fuel,-19059.76
1487,2026-05-14,5,Ticket Revenue,9160.97
1488,2024-02-10,4,Maintenance,-3734.85
1489,2024-09-30,10,Catering,-4488.42
1490,2024-06-29,11,Airport Fees,-16412.45
1491,2025-07-19,12,Maintenance,-10263.94
1492,2026-05-16,12,Crew Cost,-15663.17
1493,2026-07-20,8,Crew Cost,-1589.2
1494,2025-06-23,13,Baggage Revenue,18293.33
1495,2026-06-07,10,Maintenance,-24079.5
1496,2026-01-14,1,Airport Fees,-19727.38
1497,2026-01-06,2,Ticket Revenue,18126.81
1498,2026-03-26,12,Airport Fees,-5205.81
1499,2026-02-27,14,Fuel,-10318.74
1500,2024-02-15,8,Airport Fees,-4145.58
1501,2025-07-15,15,Crew Cost,-19123.45
1502,2024-04-14,11,Maintenance,-18632.16
1503,2024-05-13,13,Maintenance,-3342.97
1504,2026-06-17,8,Crew Cost,-18706.98
1505,2025-10-11,11,Fuel,-14406.47
1506,2025-08-06,5,Ticket Revenue,24523.93
1507,2026-06-25,14,Airport Fees,-24742.98
1508,2025-11-20,1,Ticket Revenue,2294.33
1509,2025-04-28,1,Crew Cost,-20969.42
1510,2025-01-13,5,Fuel,-4264.93
1511,2024-10-19,4,Baggage Revenue,13881.8
1512,2024-08-19,10,Ticket Revenue,12776.76
1513,2024-12-18,11,Fuel,-7064.75
1514,2024-04-05,1,Airport Fees,-18136.09
1515,2024-01-13,4,Catering,-13535.53
1516,2024-07-24,14,Fuel,-15665.81
1517,2025-03-15,10,Maintenance,-17370.87
1518,2024-04-08,6,Baggage Revenue,10290.63
1519,2024-11-11,6,Ticket Revenue,1323.85
1520,2026-06-07,1,Baggage Revenue,6665.18
1521,2025-06-30,7,Baggage Revenue,4637.85
1522,2026-04-14,14,Airport Fees,-18907.62
1523,2024-06-22,9,Ticket Revenue,6465.88
1524,2025-12-23,3,Catering,-9321.3
1525,2024-04-23,15,Catering,-11318.53
1526,2024-01-22,1,Catering,-20930.86
1527,2024-01-02,1,Maintenance,-21158.77
1528,2025-05-14,2,Baggage Revenue,5731.93
1529,2024-01-04,2,Maintenance,-10386.23
1530,2024-08-17,8,Maintenance,-6337.71
1531,2025-10-25,13,Baggage Revenue,24407.88
1532,2024-03-13,5,Maintenance,-13468.64
1533,2026-04-26,11,Fuel,-319.85
1534,2024-01-21,13,Catering,-2538.42
1535,2026-03-03,10,Airport Fees,-21443.01
1536,2025-11-17,9,Fuel,-10132.09
1537,2026-03-20,1,Maintenance,-22662.1
1538,2024-12-29,5,Ticket Revenue,16682.14
1539,2024-02-26,14,Maintenance,-13471.11
1540,2025-07-18,9,Maintenance,-20429.5
1541,2026-07-01,7,Catering,-18339.85
1542,2026-01-11,15,Ticket Revenue,14671.39
1543,2025-09-18,10,Crew Cost,-2398.77
1544,2025-03-05,13,Maintenance,-20121.23
1545,2024-08-15,2,Airport Fees,-20834.03
1546,2024-05-03,3,Ticket Revenue,22375.76
1547,2024-02-19,14,Crew Cost,-2811.06
1548,2026-06-22,14,Fuel,-24312.1
1549,2026-06-19,5,Baggage Revenue,11106.29
1550,2025-09-11,6,Fuel,-5680.75
1551,2025-02-16,4,Catering,-17855.91
1552,2024-07-09,6,Fuel,-19430.37
1553,2026-07-09,1,Airport Fees,-313.44
1554,2025-10-16,8,Catering,-8329.52
1555,2024-02-29,12,Maintenance,-11868.54
1556,2025-02-14,12,Maintenance,-21272.28
1557,2024-11-28,8,Catering,-792.06
1558,2026-01-29,7,Airport Fees,-18867.3
1559,2025-12-02,2,Maintenance,-23305.4
1560,2025-11-20,10,Baggage Revenue,23557.36
1561,2026-01-18,7,Airport Fees,-5861.52
1562,2024-09-07,3,Airport Fees,-15550.74
1563,2025-02-11,8,Ticket Revenue,12074.58
1564,2025-12-10,5,Maintenance,-15519.43
1565,2024-08-30,2,Crew Cost,-13797.73
1566,2025-06-11,15,Catering,-22644.4
1567,2026-02-16,13,Fuel,-18396.66
1568,2025-10-06,7,Maintenance,-13786.9
1569,2024-11-20,14,Baggage Revenue,24934.76
1570,2025-01-13,11,Ticket Revenue,23486.88
1571,2025-09-02,7,Airport Fees,-3998.1
1572,2024-04-09,2,Crew Cost,-16003.96
1573,2026-01-27,15,Airport Fees,-23415.25
1574,2024-02-04,1,Baggage Revenue,21172.25
1575,2026-01-30,14,Ticket Revenue,22382.8
1576,2026-01-28,1,Maintenance,-15532.7
1577,2025-09-05,13,Fuel,-2228.96
1578,2024-09-26,11,Crew Cost,-720.32
1579,2025-01-26,12,Ticket Revenue,7750.24
1580,2025-07-18,1,Ticket Revenue,15523.13
1581,2026-06-22,14,Fuel,-23159.26
1582,2026-03-16,10,Catering,-10037.35
1583,2024-02-27,13,Crew Cost,-15782.35
1584,2026-06-29,4,Maintenance,-13480.19
1585,2025-10-27,8,Crew Cost,-6129.33
1586,2026-07-18,3,Fuel,-8047.38
1587,2024-12-12,11,Fuel,-9517.28
1588,2026-02-10,11,Crew Cost,-19184.57
1589,2024-04-20,2,Maintenance,-16813.17
1590,2025-05-15,9,Crew Cost,-12018.77
1591,2025-02-13,10,Baggage Revenue,24786.04
1592,2024-09-12,14,Maintenance,-7672.15
1593,2024-11-08,2,Ticket Revenue,18409.42
1594,2024-01-17,11,Ticket Revenue,3032.53
1595,2025-09-27,10,Fuel,-11456.34
1596,2024-08-04,5,Maintenance,-19520.91
1597,2024-01-18,3,Maintenance,-12110.39
1598,2024-08-14,2,Baggage Revenue,14769.91
1599,2026-01-17,2,Catering,-12101.38
1600,2025-05-19,10,Catering,-5875.48
1601,2024-07-31,11,Fuel,-21817.0
1602,2025-08-24,6,Catering,-16696.51
1603,2024-07-12,14,Crew Cost,-18657.68
1604,2026-07-27,3,Catering,-23743.14
1605,2024-04-13,3,Crew Cost,-17402.56
1606,2025-01-09,9,Fuel,-1904.8
1607,2025-05-23,11,Catering,-15845.91
1608,2026-06-18,10,Airport Fees,-12775.13
1609,2024-03-21,15,Maintenance,-5771.38
1610,2026-02-12,5,Baggage Revenue,14953.8
1611,2024-08-29,6,Maintenance,-16924.02
1612,2025-11-08,11,Baggage Revenue,14110.88
1613,2024-04-26,4,Crew Cost,-4084.72
1614,2024-06-16,2,Maintenance,-15985.71
1615,2026-08-14,11,Ticket Revenue,913.28
1616,2025-08-15,11,Baggage Revenue,4237.99
1617,2024-01-25,4,Baggage Revenue,20015.78
1618,2025-07-21,2,Airport Fees,-12399.1
1619,2025-11-17,2,Baggage Revenue,14886.89
1620,2026-01-27,11,Catering,-8678.24
1621,2024-09-04,1,Airport Fees,-14282.29
1622,2025-07-08,7,Baggage Revenue,1235.68
1623,2024-05-28,1,Crew Cost,-889.76
1624,2026-07-12,3,Maintenance,-22625.95
1625,2024-07-29,14,Ticket Revenue,7372.22
1626,2024-07-09,1,Fuel,-20148.91
1627,2025-10-19,14,Airport Fees,-13052.72
1628,2024-06-07,13,Crew Cost,-2158.96
1629,2024-05-10,10,Catering,-1849.73
1630,2025-11-27,14,Catering,-1832.18
1631,2024-05-20,12,Ticket Revenue,12709.75
1632,2026-08-11,6,Crew Cost,-8540.86
1633,2026-02-18,7,Crew Cost,-24455.89
1634,2024-08-15,10,Catering,-2955.41
1635,2024-03-10,13,Crew Cost,-10100.1
1636,2024-02-21,14,Baggage Revenue,643.89
1637,2025-06-15,5,Airport Fees,-15461.81
1638,2025-09-21,2,Fuel,-2634.03
1639,2024-12-16,8,Catering,-17114.16
1640,2025-12-16,8,Baggage Revenue,18053.97
1641,2025-07-15,14,Maintenance,-24655.7
1642,2025-05-03,7,Maintenance,-5762.75
1643,2024-01-08,5,Airport Fees,-16515.49
1644,2024-08-06,4,Baggage Revenue,7852.73
1645,2024-09-09,2,Maintenance,-7819.43
1646,2025-04-20,4,Ticket Revenue,21458.53
1647,2024-07-15,6,Maintenance,-22293.19
1648,2024-10-21,14,Ticket Revenue,6943.85
1649,2024-06-06,12,Maintenance,-15077.99
1650,2024-07-27,11,Baggage Revenue,18582.79
1651,2026-04-02,1,Crew Cost,-8681.39
1652,2025-04-25,10,Fuel,-4103.24
1653,2026-06-24,2,Baggage Revenue,20465.06
1654,2024-02-15,10,Catering,-13217.07
1655,2025-03-13,7,Fuel,-7161.74
1656,2025-11-17,7,Airport Fees,-981.24
1657,2026-03-01,6,Baggage Revenue,21488.25
1658,2026-01-03,12,Airport Fees,-11287.44
1659,2025-02-18,1,Baggage Revenue,14000.0
1660,2026-08-01,12,Crew Cost,-3613.35
1661,2024-08-23,5,Fuel,-2342.66
1662,2026-04-21,7,Catering,-9092.97
1663,2026-08-14,11,Fuel,-5959.35
1664,2024-10-09,3,Catering,-1147.68
1665,2026-02-23,3,Fuel,-4650.27
1666,2024-10-18,2,Catering,-16448.24
1667,2026-04-18,4,Maintenance,-6497.36
1668,2025-03-01,12,Maintenance,-24156.06
1669,2024-12-12,2,Maintenance,-22551.28
1670,2025-11-24,11,Airport Fees,-8839.34
1671,2024-08-06,8,Catering,-19845.56
1672,2024-02-09,7,Baggage Revenue,4739.09
1673,2026-05-21,13,Catering,-11791.62
1674,2026-07-10,3,Catering,-10898.98
1675,2024-02-13,1,Ticket Revenue,21861.97
1676,2025-11-04,12,Crew Cost,-10305.73
1677,2024-04-16,2,Fuel,-4316.18
1678,2026-03-25,6,Maintenance,-17559.07
1679,2024-08-10,11,Baggage Revenue,16118.62
1680,2025-10-23,12,Ticket Revenue,8253.95
1681,2024-06-15,11,Baggage Revenue,18622.06
1682,2026-06-01,11,Maintenance,-16113.3
1683,2024-09-10,6,Maintenance,-4117.87
1684,2026-02-21,14,Baggage Revenue,5291.91
1685,2026-03-20,4,Baggage Revenue,16658.05
1686,2025-02-21,2,Crew Cost,-15124.48
1687,2024-05-10,13,Baggage Revenue,1160.79
1688,2025-11-10,10,Catering,-6616.78
1689,2024-03-01,8,Ticket Revenue,2590.23
1690,2026-06-21,12,Maintenance,-24358.88
1691,2024-12-22,11,Catering,-12233.75
1692,2026-06-24,5,Maintenance,-12819.15
1693,2024-01-22,1,Ticket Revenue,3917.98
1694,2026-05-12,12,Maintenance,-11872.79
1695,2024-05-18,11,Ticket Revenue,24102.02
1696,2025-12-19,5,Crew Cost,-21663.11
1697,2025-01-02,6,Catering,-12197.37
1698,2025-08-31,10,Catering,-22052.62
1699,2024-07-23,1,Baggage Revenue,10715.76
1700,2025-06-10,11,Crew Cost,-15428.32
1701,2025-07-15,3,Airport Fees,-9744.22
1702,2024-07-01,14,Ticket Revenue,17113.07
1703,2025-11-04,3,Airport Fees,-17637.55
1704,2025-03-15,15,Maintenance,-2865.07
1705,2025-01-25,7,Catering,-22494.59
1706,2024-05-09,15,Baggage Revenue,6490.69
1707,2024-03-07,12,Catering,-19120.38
1708,2024-05-27,11,Catering,-23571.41
1709,2025-08-07,3,Maintenance,-7542.46
1710,2024-05-31,9,Airport Fees,-24385.91
1711,2024-03-18,4,Catering,-19424.79
1712,2025-03-28,11,Crew Cost,-18416.35
1713,2026-01-30,6,Baggage Revenue,2917.85
1714,2024-03-24,12,Crew Cost,-11745.96
1715,2025-07-03,5,Catering,-11993.86
1716,2026-04-03,13,Ticket Revenue,22408.05
1717,2026-06-03,8,Catering,-12411.79
1718,2026-05-18,5,Airport Fees,-9827.46
1719,2026-05-19,15,Ticket Revenue,10782.04
1720,2025-10-09,11,Catering,-24103.6
1721,2025-12-28,4,Crew Cost,-15461.94
1722,2025-05-11,3,Ticket Revenue,12602.04
1723,2025-11-11,13,Ticket Revenue,19168.08
1724,2026-07-02,2,Baggage Revenue,7237.62
1725,2024-06-19,2,Ticket Revenue,21428.92
1726,2024-11-04,12,Fuel,-15691.55
1727,2025-05-19,2,Catering,-6828.76
1728,2025-08-01,9,Catering,-2709.37
1729,2026-03-22,14,Fuel,-12711.7
1730,2026-02-03,8,Airport Fees,-19134.45
1731,2024-09-06,15,Fuel,-8386.48
1732,2025-12-06,6,Airport Fees,-24087.73
1733,2024-01-28,12,Crew Cost,-13532.69
1734,2026-03-19,4,Airport Fees,-21311.5
1735,2024-11-27,6,Ticket Revenue,3357.51
1736,2024-08-11,9,Airport Fees,-13770.96
1737,2025-01-16,6,Airport Fees,-24456.4
1738,2026-02-07,2,Crew Cost,-11032.98
1739,2026-07-04,6,Fuel,-19522.19
1740,2024-02-03,11,Maintenance,-17716.02
1741,2026-02-05,7,Catering,-8718.23
1742,2025-06-12,8,Ticket Revenue,20806.35
1743,2024-07-09,3,Catering,-11232.56
1744,2024-01-10,10,Ticket Revenue,9799.3
1745,2024-12-30,8,Maintenance,-16686.34
1746,2024-11-30,1,Fuel,-5580.6
1747,2026-02-17,10,Ticket Revenue,22713.7
1748,2025-07-08,6,Fuel,-1949.41
1749,2026-01-02,2,Baggage Revenue,22465.86
1750,2025-11-11,6,Airport Fees,-13669.53
1751,2024-09-15,8,Fuel,-16824.08
1752,2025-04-22,9,Catering,-23942.55
1753,2025-12-22,9,Baggage Revenue,24034.87
1754,2026-06-27,14,Catering,-21360.07
1755,2025-02-20,8,Ticket Revenue,19165.64
1756,2025-05-04,11,Maintenance,-14356.4
1757,2024-10-25,11,Baggage Revenue,5875.66
1758,2024-03-09,13,Crew Cost,-11173.17
1759,2024-10-25,14,Ticket Revenue,14592.71
1760,2024-06-22,12,Fuel,-6312.44
1761,2025-09-07,15,Airport Fees,-15183.92
1762,2026-03-20,3,Maintenance,-14202.15
1763,2025-07-04,12,Baggage Revenue,18034.59
1764,2026-06-24,8,Maintenance,-15882.47
1765,2024-12-21,5,Crew Cost,-21659.36
1766,2025-10-02,12,Ticket Revenue,10664.19
1767,2024-05-20,15,Maintenance,-14542.16
1768,2025-12-13,9,Ticket Revenue,15246.06
1769,2024-11-24,12,Catering,-8891.5
1770,2025-08-15,15,Fuel,-16648.89
1771,2024-06-13,1,Maintenance,-8460.05
1772,2025-09-03,8,Maintenance,-19515.42
1773,2025-11-15,15,Maintenance,-22723.78
1774,2026-05-26,9,Maintenance,-6536.96
1775,2024-05-18,3,Catering,-14755.18
1776,2025-02-21,2,Crew Cost,-21568.64
1777,2025-05-07,5,Crew Cost,-14727.03
1778,2025-10-01,2,Fuel,-10690.07
1779,2024-05-03,3,Ticket Revenue,17437.7
1780,2025-10-07,1,Ticket Revenue,10237.69
1781,2024-05-06,6,Ticket Revenue,12116.06
1782,2025-01-14,3,Catering,-24820.78
1783,2024-08-17,3,Catering,-9673.69
1784,2025-03-05,11,Catering,-22713.46
1785,2025-03-13,2,Airport Fees,-18629.18
1786,2024-11-02,3,Airport Fees,-10682.43
1787,2026-02-08,8,Crew Cost,-22583.19
1788,2026-07-02,2,Crew Cost,-4020.03
1789,2026-08-01,1,Maintenance,-23853.11
1790,2024-05-06,10,Airport Fees,-17751.5
1791,2025-07-10,12,Maintenance,-13800.51
1792,2024-08-31,13,Crew Cost,-11355.68
1793,2026-06-10,1,Ticket Revenue,23269.63
1794,2026-01-10,1,Fuel,-20302.21
1795,2026-03-26,2,Catering,-13873.16
1796,2024-11-24,8,Maintenance,-20437.03
1797,2024-05-16,12,Crew Cost,-14099.05
1798,2025-10-25,3,Fuel,-18273.2
1799,2025-07-23,14,Maintenance,-16034.11
1800,2025-11-27,14,Catering,-5112.07
1801,2024-12-31,13,Baggage Revenue,5671.6
1802,2025-06-13,7,Ticket Revenue,18132.2
1803,2024-03-06,5,Baggage Revenue,7222.35
1804,2025-01-26,10,Baggage Revenue,22366.84
1805,2025-09-22,14,Crew Cost,-13449.41
1806,2025-11-02,7,Catering,-3724.32
1807,2025-01-21,8,Crew Cost,-19226.09
1808,2024-01-10,13,Baggage Revenue,18805.07
1809,2025-02-09,14,Maintenance,-16374.97
1810,2025-11-09,8,Airport Fees,-22751.23
1811,2024-04-17,15,Baggage Revenue,18728.76
1812,2025-07-06,15,Ticket Revenue,19371.25
1813,2026-06-26,10,Fuel,-12758.33
1814,2026-03-19,6,Maintenance,-19178.17
1815,2024-07-09,14,Ticket Revenue,10852.49
1816,2025-12-10,11,Crew Cost,-11396.3
1817,2024-10-08,6,Ticket Revenue,15137.24
1818,2025-06-22,2,Airport Fees,-18996.35
1819,2025-10-05,10,Ticket Revenue,2557.69
1820,2026-01-18,3,Catering,-12264.48
1821,2025-01-02,5,Crew Cost,-630.85
1822,2024-06-11,8,Catering,-12693.53
1823,2026-04-20,13,Fuel,-10995.99
1824,2025-01-14,4,Ticket Revenue,1828.15
1825,2025-02-19,13,Catering,-9056.98
1826,2025-05-24,1,Maintenance,-7265.93
1827,2024-05-03,11,Fuel,-22358.18
1828,2026-01-09,4,Baggage Revenue,11120.02
1829,2026-05-28,10,Crew Cost,-2461.74
1830,2024-07-08,5,Airport Fees,-10185.37
1831,2025-10-17,7,Baggage Revenue,16162.32
1832,2025-11-07,10,Fuel,-22934.84
1833,2024-12-14,2,Baggage Revenue,21855.0
1834,2024-09-21,3,Airport Fees,-11149.54
1835,2025-03-11,14,Ticket Revenue,15936.72
1836,2024-07-09,14,Fuel,-24195.51
1837,2025-02-11,8,Ticket Revenue,3979.88
1838,2025-01-17,5,Catering,-22114.26
1839,2025-03-04,5,Baggage Revenue,21209.43
1840,2024-07-07,15,Maintenance,-22891.73
1841,2026-06-30,12,Fuel,-24181.16
1842,2025-02-22,7,Ticket Revenue,4368.55
1843,2025-05-30,7,Catering,-14147.05
1844,2025-06-03,11,Baggage Revenue,4388.7
1845,2025-01-14,7,Ticket Revenue,6981.41
1846,2024-12-21,11,Catering,-19920.99
1847,2024-07-02,12,Ticket Revenue,22017.04
1848,2026-06-19,5,Catering,-11593.86
1849,2026-01-04,12,Maintenance,-18768.48
1850,2025-10-07,7,Airport Fees,-5351.49
1851,2025-08-25,15,Maintenance,-11477.56
1852,2025-01-21,4,Fuel,-402.64
1853,2025-09-20,6,Maintenance,-19534.17
1854,2026-06-25,14,Crew Cost,-6882.19
1855,2024-04-11,9,Crew Cost,-1144.84
1856,2024-10-31,14,Airport Fees,-8985.88
1857,2024-06-09,2,Baggage Revenue,9139.34
1858,2025-09-04,6,Airport Fees,-18072.71
1859,2024-10-18,14,Crew Cost,-9348.52
1860,2025-03-26,7,Catering,-7733.35
1861,2024-03-02,5,Maintenance,-500.92
1862,2026-04-15,5,Crew Cost,-19606.97
1863,2026-06-26,14,Maintenance,-2106.85
1864,2025-02-24,5,Baggage Revenue,8764.41
1865,2025-06-30,2,Crew Cost,-6384.28
1866,2024-02-07,2,Ticket Revenue,23890.23
1867,2026-02-09,15,Crew Cost,-15275.35
1868,2024-10-21,10,Catering,-1018.64
1869,2025-01-04,15,Fuel,-16985.47
1870,2024-10-29,12,Baggage Revenue,22104.34
1871,2025-05-24,8,Airport Fees,-16803.45
1872,2025-01-13,6,Crew Cost,-13233.0
1873,2025-12-22,4,Ticket Revenue,8369.94
1874,2025-12-01,8,Baggage Revenue,15592.99
1875,2024-10-25,1,Crew Cost,-1318.0
1876,2025-11-09,1,Airport Fees,-5854.2
1877,2026-02-14,13,Crew Cost,-23034.19
1878,2024-04-13,10,Airport Fees,-17854.5
1879,2024-06-08,11,Airport Fees,-2638.47
1880,2024-02-24,5,Ticket Revenue,16861.52
1881,2026-07-02,9,Catering,-22520.45
1882,2024-06-30,3,Ticket Revenue,16867.21
1883,2026-04-17,8,Airport Fees,-14890.95
1884,2025-03-06,1,Airport Fees,-12519.77
1885,2024-10-29,9,Fuel,-14899.33
1886,2025-07-05,7,Catering,-21816.14
1887,2026-07-31,6,Catering,-8104.03
1888,2025-03-16,11,Baggage Revenue,19375.46
1889,2024-03-01,10,Baggage Revenue,16134.06
1890,2026-02-16,4,Fuel,-3527.29
1891,2025-12-06,1,Maintenance,-6195.37
1892,2025-05-01,3,Ticket Revenue,22126.72
1893,2024-10-17,14,Crew Cost,-8309.67
1894,2025-12-09,10,Airport Fees,-10408.42
1895,2026-05-19,11,Crew Cost,-8518.49
1896,2026-08-05,9,Baggage Revenue,14033.13
1897,2024-09-02,13,Baggage Revenue,1931.83
1898,2025-09-21,5,Fuel,-11208.36
1899,2025-05-06,7,Catering,-12644.4
1900,2025-08-15,13,Catering,-20411.25
1901,2024-04-14,2,Crew Cost,-5553.27
1902,2026-01-02,9,Ticket Revenue,9886.21
1903,2025-07-02,13,Maintenance,-13312.56
1904,2025-04-28,13,Maintenance,-20298.68
1905,2024-11-18,6,Airport Fees,-17637.58
1906,2026-05-28,14,Baggage Revenue,1412.44
1907,2026-03-02,4,Fuel,-8926.62
1908,2025-08-29,11,Airport Fees,-5670.83
1909,2025-09-10,4,Catering,-3334.13
1910,2026-05-13,5,Fuel,-7103.1
1911,2025-12-04,8,Maintenance,-14414.6
1912,2025-04-11,11,Catering,-20477.92
1913,2025-01-13,5,Ticket Revenue,22159.98
1914,2024-08-08,7,Fuel,-8587.74
1915,2025-11-10,6,Catering,-5992.12
1916,2026-03-17,3,Baggage Revenue,14472.53
1917,2024-07-26,9,Crew Cost,-16760.72
1918,2024-06-21,3,Crew Cost,-13953.35
1919,2025-04-18,8,Ticket Revenue,20799.99
1920,2026-07-11,3,Baggage Revenue,10076.33
1921,2025-06-03,9,Airport Fees,-8493.47
1922,2026-05-26,7,Catering,-14299.07
1923,2024-11-04,15,Ticket Revenue,16600.33
1924,2024-12-31,9,Baggage Revenue,8559.31
1925,2025-02-23,10,Airport Fees,-6566.45
1926,2026-04-07,15,Crew Cost,-24177.53
1927,2026-04-18,5,Airport Fees,-17782.9
1928,2026-05-21,11,Airport Fees,-15443.03
1929,2025-04-05,5,Airport Fees,-7334.41
1930,2024-12-27,4,Fuel,-23061.34
1931,2026-01-09,1,Ticket Revenue,13358.64
1932,2026-05-01,13,Maintenance,-6970.31
1933,2025-05-19,8,Catering,-9228.58
1934,2025-10-03,15,Baggage Revenue,9493.24
1935,2024-01-16,2,Airport Fees,-1143.27
1936,2024-10-29,7,Baggage Revenue,10403.4
1937,2026-02-03,15,Fuel,-6739.86
1938,2025-03-20,14,Fuel,-11471.49
1939,2026-07-20,12,Airport Fees,-14148.07
1940,2026-05-29,12,Maintenance,-8590.25
1941,2026-05-06,3,Ticket Revenue,1054.07
1942,2025-09-04,5,Maintenance,-23210.09
1943,2026-03-04,11,Ticket Revenue,3204.17
1944,2025-09-12,1,Crew Cost,-8960.51
1945,2025-01-30,15,Maintenance,-18262.46
1946,2025-11-27,11,Crew Cost,-22021.53
1947,2025-03-02,14,Catering,-16260.19
1948,2025-12-16,15,Baggage Revenue,6237.66
1949,2025-03-18,10,Fuel,-16687.9
1950,2024-11-18,3,Airport Fees,-10240.12
1951,2025-02-08,3,Crew Cost,-18696.51
1952,2026-03-25,14,Catering,-10067.97
1953,2025-02-21,7,Baggage Revenue,2468.68
1954,2025-07-17,4,Ticket Revenue,13309.1
1955,2026-01-29,3,Crew Cost,-1343.32
1956,2026-07-22,9,Fuel,-15697.22
1957,2026-02-05,9,Maintenance,-8138.13
1958,2025-06-15,9,Ticket Revenue,22088.92
1959,2024-10-15,6,Crew Cost,-12672.15
1960,2024-07-05,4,Catering,-1140.57
1961,2025-07-22,2,Catering,-16071.35
1962,2024-03-07,1,Baggage Revenue,20828.17
1963,2026-02-22,3,Maintenance,-1408.41
1964,2025-10-20,3,Baggage Revenue,18699.14
1965,2025-07-25,3,Ticket Revenue,19109.27
1966,2025-06-23,6,Crew Cost,-17110.72
1967,2026-03-09,8,Fuel,-12405.69
1968,2026-04-11,3,Ticket Revenue,16291.81
1969,2026-05-20,9,Baggage Revenue,12392.83
1970,2026-03-25,11,Baggage Revenue,9594.87
1971,2025-12-03,7,Maintenance,-1527.54
1972,2024-12-28,8,Ticket Revenue,12558.62
1973,2026-03-15,9,Baggage Revenue,19640.47
1974,2026-08-09,6,Catering,-1557.67
1975,2026-01-29,6,Fuel,-1219.93
1976,2026-03-23,4,Maintenance,-4482.74
1977,2025-09-04,10,Catering,-7590.48
1978,2024-03-09,10,Airport Fees,-12650.74
1979,2026-05-05,9,Crew Cost,-20767.79
1980,2024-11-19,14,Baggage Revenue,1032.59
1981,2025-07-12,4,Catering,-19612.58
1982,2025-09-14,10,Fuel,-17946.27
1983,2026-03-03,4,Airport Fees,-12631.07
1984,2024-02-12,7,Baggage Revenue,5051.17
1985,2024-03-02,5,Ticket Revenue,2400.47
1986,2024-10-03,1,Catering,-4207.09
1987,2025-03-31,8,Crew Cost,-8521.1
1988,2025-06-12,12,Ticket Revenue,13411.65
1989,2024-05-18,15,Crew Cost,-8930.55
1990,2026-07-06,8,Airport Fees,-14101.71
1991,2026-02-14,11,Maintenance,-22071.28
1992,2026-04-12,1,Airport Fees,-3505.03
1993,2024-12-11,1,Ticket Revenue,22392.17
1994,2024-02-03,11,Baggage Revenue,5099.64
1995,2025-11-15,8,Catering,-12465.09
1996,2026-01-29,4,Catering,-18420.99
1997,2024-01-10,8,Catering,-17512.31
1998,2024-05-21,5,Catering,-19026.44
1999,2025-02-19,4,Catering,-17926.91
2000,2026-06-02,10,Baggage Revenue,695.33
2001,2024-04-15,10,Baggage Revenue,12550.56
2002,2025-09-29,3,Crew Cost,-9664.88
2003,2026-05-23,14,Maintenance,-23220.22
2004,2024-05-18,5,Fuel,-23881.16
2005,2026-07-23,10,Catering,-6629.82
2006,2026-08-01,11,Maintenance,-17887.49
2007,2025-03-30,8,Maintenance,-6157.1
2008,2024-04-13,5,Catering,-18789.98
2009,2026-01-26,14,Ticket Revenue,7688.05
2010,2024-07-08,2,Ticket Revenue,18345.79
2011,2024-11-24,6,Airport Fees,-969.66
2012,2024-03-13,2,Crew Cost,-17657.67
2013,2024-11-18,9,Crew Cost,-10692.78
2014,2024-12-23,9,Catering,-18543.62
2015,2025-01-29,7,Airport Fees,-2562.13
2016,2024-06-15,15,Catering,-21740.11
2017,2024-05-15,12,Maintenance,-16736.62
2018,2026-08-08,8,Fuel,-9459.94
2019,2026-03-22,12,Crew Cost,-8736.1
2020,2025-05-27,15,Crew Cost,-7597.97
2021,2024-12-12,10,Crew Cost,-14842.16
2022,2026-01-13,14,Baggage Revenue,1272.36
2023,2026-01-08,8,Airport Fees,-17885.25
2024,2024-10-11,14,Fuel,-19731.8
2025,2024-12-03,5,Maintenance,-6557.44
2026,2024-09-08,7,Catering,-3756.89
2027,2024-04-03,11,Baggage Revenue,24295.95
2028,2025-04-17,9,Crew Cost,-15959.44
2029,2026-04-19,6,Maintenance,-17440.1
2030,2026-01-14,10,Ticket Revenue,15919.62
2031,2025-04-29,3,Airport Fees,-6456.33
2032,2025-08-26,1,Baggage Revenue,20101.09
2033,2026-05-14,9,Maintenance,-12191.35
2034,2025-04-04,1,Baggage Revenue,6806.44
2035,2026-01-30,1,Catering,-14959.21
2036,2024-05-16,15,Ticket Revenue,22125.63
2037,2025-09-06,6,Catering,-19473.24
2038,2025-04-20,7,Crew Cost,-17877.22
2039,2024-03-13,6,Catering,-6905.62
2040,2025-09-05,13,Maintenance,-7191.0
2041,2024-08-29,7,Airport Fees,-20824.12
2042,2024-03-03,2,Ticket Revenue,20053.22
2043,2024-11-30,12,Fuel,-21571.72
2044,2025-08-22,4,Ticket Revenue,23731.94
2045,2024-05-05,5,Fuel,-9327.18
2046,2026-07-09,1,Maintenance,-15117.47
2047,2024-06-05,14,Fuel,-14238.72
2048,2024-07-16,12,Ticket Revenue,7798.89
2049,2024-03-25,2,Fuel,-13788.56
2050,2024-08-08,4,Ticket Revenue,24610.93
2051,2024-06-12,15,Ticket Revenue,23409.81
2052,2025-03-02,12,Crew Cost,-13126.09
2053,2026-06-24,6,Fuel,-6346.53
2054,2025-11-19,12,Ticket Revenue,20926.62
2055,2026-07-18,6,Maintenance,-21464.88
2056,2025-04-09,2,Baggage Revenue,14204.78
2057,2024-02-04,8,Catering,-11858.16
2058,2024-05-22,5,Maintenance,-4793.54
2059,2024-10-16,15,Fuel,-8446.81
2060,2025-11-28,9,Maintenance,-659.28
2061,2024-06-20,5,Catering,-11131.27
2062,2025-05-23,13,Fuel,-3464.61
2063,2026-07-04,13,Crew Cost,-13080.27
2064,2026-01-05,12,Baggage Revenue,6430.38
2065,2025-06-23,15,Baggage Revenue,22201.86
2066,2024-09-07,9,Maintenance,-3344.31
2067,2024-11-20,6,Catering,-11158.49
2068,2026-07-30,11,Crew Cost,-3729.41
2069,2025-02-20,2,Crew Cost,-14371.41
2070,2024-06-02,15,Fuel,-8086.3
2071,2024-12-28,13,Airport Fees,-2882.04
2072,2026-07-13,7,Catering,-15131.39
2073,2024-12-19,6,Catering,-13591.91
2074,2024-03-25,2,Airport Fees,-5494.2
2075,2026-01-03,7,Baggage Revenue,24179.69
2076,2024-09-09,3,Maintenance,-19771.86
2077,2025-07-11,3,Crew Cost,-15546.47
2078,2024-05-14,6,Catering,-23603.21
2079,2025-03-13,11,Maintenance,-18747.55
2080,2026-02-28,2,Crew Cost,-12223.92
2081,2024-04-05,3,Fuel,-24090.3
2082,2025-10-28,14,Crew Cost,-16157.78
2083,2024-02-07,14,Catering,-3670.59
2084,2025-05-03,9,Baggage Revenue,2734.33
2085,2026-05-19,4,Fuel,-2578.77
2086,2026-06-18,12,Airport Fees,-9079.39
2087,2024-10-27,3,Airport Fees,-506.75
2088,2024-06-19,15,Baggage Revenue,14103.01
2089,2024-09-21,1,Baggage Revenue,11079.0
2090,2024-12-13,7,Ticket Revenue,9288.45
2091,2024-12-09,6,Baggage Revenue,10909.51
2092,2024-01-10,13,Maintenance,-10783.15
2093,2025-03-31,15,Maintenance,-24708.69
2094,2025-02-07,12,Airport Fees,-10641.31
2095,2024-05-10,3,Catering,-23074.94
2096,2024-02-18,4,Airport Fees,-21386.88
2097,2024-04-03,1,Ticket Revenue,10865.69
2098,2024-07-24,2,Ticket Revenue,1344.61
2099,2025-01-23,4,Catering,-21251.49
2100,2024-07-06,1,Maintenance,-5543.47
2101,2026-06-14,4,Crew Cost,-1744.49
2102,2025-06-25,13,Maintenance,-21815.36
2103,2025-12-31,4,Catering,-16561.03
2104,2024-10-03,15,Ticket Revenue,4698.79
2105,2024-10-31,4,Crew Cost,-7437.91
2106,2024-03-19,6,Ticket Revenue,18718.69
2107,2025-01-19,10,Airport Fees,-3348.07
2108,2025-10-03,9,Ticket Revenue,18149.35
2109,2024-06-30,3,Maintenance,-11623.5
2110,2024-06-08,3,Crew Cost,-20977.77
2111,2024-05-22,4,Baggage Revenue,16182.91
2112,2024-08-06,12,Ticket Revenue,24557.16
2113,2024-01-09,11,Crew Cost,-21469.97
2114,2025-06-15,1,Catering,-8789.57
2115,2024-07-19,4,Catering,-12195.06
2116,2026-07-25,3,Baggage Revenue,23505.45
2117,2026-02-24,12,Airport Fees,-4057.82
2118,2026-02-26,15,Catering,-10603.97
2119,2025-04-08,1,Baggage Revenue,14535.06
2120,2026-02-21,5,Catering,-8974.47
2121,2025-05-16,15,Ticket Revenue,2625.72
2122,2025-09-18,9,Catering,-5398.34
2123,2026-05-23,7,Baggage Revenue,10994.78
2124,2024-10-11,7,Airport Fees,-21843.77
2125,2025-06-11,3,Baggage Revenue,14429.02
2126,2025-07-17,3,Catering,-7672.58
2127,2026-06-16,6,Catering,-4450.02
2128,2026-02-03,11,Baggage Revenue,15572.67
2129,2024-06-06,11,Fuel,-4762.31
2130,2024-06-20,14,Baggage Revenue,2047.28
2131,2024-04-09,9,Baggage Revenue,1115.69
2132,2026-07-04,9,Fuel,-17533.06
2133,2025-08-23,5,Catering,-22193.43
2134,2026-02-16,4,Airport Fees,-13394.61
2135,2025-07-19,11,Maintenance,-7194.85
2136,2025-07-03,13,Maintenance,-5347.47
2137,2024-03-26,13,Fuel,-7125.63
2138,2025-04-13,5,Ticket Revenue,7837.76
2139,2025-11-25,8,Maintenance,-15216.8
2140,2025-12-17,13,Crew Cost,-23109.95
2141,2024-12-04,4,Airport Fees,-5835.52
2142,2026-07-07,13,Baggage Revenue,9174.53
2143,2024-06-19,4,Fuel,-14985.13
2144,2024-08-29,13,Fuel,-11244.46
2145,2025-10-25,13,Ticket Revenue,3180.75
2146,2024-03-28,11,Catering,-4167.17
2147,2025-05-12,4,Crew Cost,-14589.31
2148,2025-09-02,15,Crew Cost,-15331.37
2149,2024-08-30,12,Crew Cost,-14837.6
2150,2024-12-01,14,Catering,-20435.33
2151,2025-02-14,10,Baggage Revenue,5053.04
2152,2024-10-01,15,Ticket Revenue,11437.48
2153,2026-02-14,3,Baggage Revenue,11798.04
2154,2025-02-21,7,Ticket Revenue,5614.91
2155,2024-06-22,1,Maintenance,-17826.57
2156,2025-08-15,4,Fuel,-8013.05
2157,2025-06-30,1,Crew Cost,-15590.2
2158,2024-07-01,15,Ticket Revenue,10705.17
2159,2024-02-16,3,Airport Fees,-6228.61
2160,2025-03-24,3,Baggage Revenue,5410.08
2161,2026-06-27,2,Maintenance,-12449.86
2162,2025-03-23,9,Ticket Revenue,6240.35
2163,2024-11-08,15,Fuel,-16950.32
2164,2024-08-03,11,Maintenance,-15541.89
2165,2025-12-30,13,Baggage Revenue,19811.89
2166,2024-01-02,6,Airport Fees,-3590.11
2167,2025-05-25,3,Baggage Revenue,22089.84
2168,2024-07-16,5,Fuel,-13222.13
2169,2024-02-13,11,Baggage Revenue,16385.86
2170,2024-01-25,3,Baggage Revenue,24483.92
2171,2025-03-22,8,Baggage Revenue,13122.52
2172,2024-02-03,1,Airport Fees,-22033.76
2173,2026-08-04,2,Crew Cost,-8323.47
2174,2025-07-03,15,Baggage Revenue,20802.5
2175,2025-03-16,7,Fuel,-23408.25
2176,2026-08-06,7,Ticket Revenue,4929.9
2177,2026-01-16,5,Fuel,-12610.5
2178,2024-11-11,5,Airport Fees,-22411.37
2179,2026-02-20,11,Ticket Revenue,9102.35
2180,2026-03-09,3,Maintenance,-17492.21
2181,2024-01-01,8,Fuel,-2811.9
2182,2025-01-14,4,Crew Cost,-7730.68
2183,2026-04-06,1,Catering,-16588.28
2184,2025-09-23,8,Airport Fees,-11213.64
2185,2026-06-01,3,Catering,-16564.0
2186,2025-04-01,4,Crew Cost,-13951.25
2187,2024-05-09,13,Catering,-23255.36
2188,2026-07-29,5,Fuel,-3268.08
2189,2024-12-23,10,Maintenance,-15701.49
2190,2025-08-31,15,Catering,-11564.73
2191,2025-03-26,7,Airport Fees,-23190.9
2192,2025-06-21,9,Baggage Revenue,21455.7
2193,2026-07-03,2,Maintenance,-8121.47
2194,2024-11-30,2,Maintenance,-20898.16
2195,2026-08-13,12,Fuel,-14509.59
2196,2026-02-19,12,Airport Fees,-7478.5
2197,2024-02-18,5,Fuel,-2559.33
2198,2026-08-11,2,Baggage Revenue,4419.77
2199,2025-08-19,5,Crew Cost,-15835.12
2200,2024-09-19,5,Catering,-12596.93
